"Collar","Sample ID","Geol_From","Geol_To","Thickness","Chk","Comments","Lab","Dispatch_ID","Lab_Certificate","Dispatch_Date","Drill_Sample_Type","Sample_Mass","Sampler","Samp_Date","AuCheck_ppm_Au-AA23","AuCheck_ppm_Au-AA24","AuCheck_ppm_Au-GRA22","RecvdWt_kg_WEI-21"
"JES-25-113","676002","0","1.525","1.53","1","","ALS","PIL-087","HE25108554 - Finalized","10/04/2025","Chips_QuarterSplit","3.705","Yuvitza.Davila","10/04/2025","","","","3.64"
"JES-25-113","676003","1.525","3.05","1.53","1","","ALS","PIL-087","HE25108554 - Finalized","10/04/2025","Chips_QuarterSplit","5.23","Yuvitza.Davila","10/04/2025","","","","5.23"
"JES-25-113","676004","3.05","4.575","1.53","1","","ALS","PIL-087","HE25108554 - Finalized","10/04/2025","Chips_QuarterSplit","7.475","Yuvitza.Davila","10/04/2025","","","","7.47"
"JES-25-113","676005","4.575","6.1","1.53","1","","ALS","PIL-087","HE25108554 - Finalized","10/04/2025","Chips_QuarterSplit","6.27","Yuvitza.Davila","10/04/2025","","","","6.27"
"JES-25-113","676006","6.1","7.625","1.53","1","","ALS","PIL-087","HE25108554 - Finalized","10/04/2025","Chips_QuarterSplit","5.665","Yuvitza.Davila","10/04/2025","","","","5.55"
"JES-25-113","676007","7.625","9.15","1.53","1","","ALS","PIL-087","HE25108554 - Finalized","10/04/2025","Chips_QuarterSplit","10.085","Yuvitza.Davila","10/04/2025","","","","9.869999999999999"
"JES-25-113","676008","9.15","10.675","1.53","1","","ALS","PIL-087","HE25108554 - Finalized","10/04/2025","Chips_QuarterSplit","7.045","Yuvitza.Davila","10/04/2025","","","","7"
"JES-25-113","676009","10.675","12.2","1.53","1","","ALS","PIL-087","HE25108554 - Finalized","10/04/2025","Chips_QuarterSplit","8.96","Yuvitza.Davila","10/04/2025","","","","8.970000000000001"
"JES-25-113","676010","12.2","13.725","1.53","1","","ALS","PIL-087","HE25108554 - Finalized","10/04/2025","Chips_QuarterSplit","9.61","Yuvitza.Davila","10/04/2025","","","","9.609999999999999"
"JES-25-113","676011","13.725","15.25","1.53","1","","ALS","PIL-087","HE25108554 - Finalized","10/04/2025","Chips_QuarterSplit","5.945","Yuvitza.Davila","10/04/2025","","","","5.94"
"JES-25-113","676012","15.25","16.775","1.53","1","","ALS","PIL-087","HE25108554 - Finalized","10/04/2025","Chips_QuarterSplit","9.965","Yuvitza.Davila","10/04/2025","","","","9.960000000000001"
"JES-25-113","676013","16.775","18.3","1.53","1","","ALS","PIL-087","HE25108554 - Finalized","10/04/2025","Chips_QuarterSplit","11.115","Yuvitza.Davila","10/04/2025","","","","11.12"
"JES-25-113","676014","18.3","19.825","1.53","1","","ALS","PIL-087","HE25108554 - Finalized","10/04/2025","Chips_QuarterSplit","9.47","Yuvitza.Davila","10/04/2025","","","","9.48"
"JES-25-113","676015","19.825","21.35","1.53","1","","ALS","PIL-087","HE25108554 - Finalized","10/04/2025","Chips_QuarterSplit","7.04","Yuvitza.Davila","10/04/2025","","","","7.04"
"JES-25-113","676017","21.35","22.875","1.53","1","","ALS","PIL-087","HE25108554 - Finalized","10/04/2025","Chips_QuarterSplit","8.96","Yuvitza.Davila","10/04/2025","","","","8.98"
"JES-25-113","676018","22.875","24.4","1.53","1","","ALS","PIL-087","HE25108554 - Finalized","10/04/2025","Chips_QuarterSplit","12.205","Yuvitza.Davila","10/04/2025","","","","12.22"
"JES-25-113","676019","24.4","25.925","1.53","1","","ALS","PIL-087","HE25108554 - Finalized","10/04/2025","Chips_QuarterSplit","13.055","Yuvitza.Davila","10/04/2025","","","","13.08"
"JES-25-113","676020","25.925","27.45","1.53","1","","ALS","PIL-087","HE25108554 - Finalized","10/04/2025","Chips_QuarterSplit","9.58","Yuvitza.Davila","10/04/2025","","","","9.59"
"JES-25-113","676021","27.45","28.975","1.53","1","","ALS","PIL-087","HE25108554 - Finalized","10/04/2025","Chips_QuarterSplit","9.82","Yuvitza.Davila","10/04/2025","","","","9.84"
"JES-25-113","676022","28.975","30.5","1.53","1","","ALS","PIL-087","HE25108554 - Finalized","10/04/2025","Chips_QuarterSplit","11.475","Yuvitza.Davila","10/04/2025","","","","11.49"
"JES-25-113","676023","30.5","32.025","1.53","1","","ALS","PIL-087","HE25108554 - Finalized","10/04/2025","Chips_QuarterSplit","9.355","Yuvitza.Davila","10/04/2025","","","","9.359999999999999"
"JES-25-113","676024","32.025","33.55","1.53","1","","ALS","PIL-087","HE25108554 - Finalized","10/04/2025","Chips_QuarterSplit","11.675","Yuvitza.Davila","10/04/2025","","","","11.67"
"JES-25-113","676025","33.55","35.075","1.53","1","","ALS","PIL-087","HE25108554 - Finalized","10/04/2025","Chips_QuarterSplit","11.74","Yuvitza.Davila","10/04/2025","","","","11.76"
"JES-25-113","676026","35.075","36.6","1.53","1","","ALS","PIL-087","HE25108554 - Finalized","10/04/2025","Chips_QuarterSplit","12.065","Yuvitza.Davila","10/04/2025","","","","12.08"
"JES-25-113","676027","36.6","38.125","1.53","1","","ALS","PIL-087","HE25108554 - Finalized","10/04/2025","Chips_QuarterSplit","11.445","Yuvitza.Davila","10/04/2025","","","","11.46"
"JES-25-113","676028","38.125","39.65","1.53","1","","ALS","PIL-087","HE25108554 - Finalized","10/04/2025","Chips_QuarterSplit","13.365","Yuvitza.Davila","10/04/2025","","","","13.38"
"JES-25-113","676029","39.65","41.175","1.53","1","","ALS","PIL-087","HE25108554 - Finalized","10/04/2025","Chips_QuarterSplit","9.7","Yuvitza.Davila","10/04/2025","","","","9.710000000000001"
"JES-25-113","676030","41.175","42.7","1.53","1","","ALS","PIL-087","HE25108554 - Finalized","10/04/2025","Chips_QuarterSplit","10.755","Yuvitza.Davila","10/04/2025","","","","10.77"
"JES-25-113","676031","42.7","44.225","1.53","1","","ALS","PIL-087","HE25108554 - Finalized","10/04/2025","Chips_QuarterSplit","11.875","Yuvitza.Davila","10/04/2025","","","","11.88"
"JES-25-113","676032","44.225","45.75","1.53","1","","ALS","PIL-087","HE25108554 - Finalized","10/04/2025","Chips_QuarterSplit","12.13","Yuvitza.Davila","10/04/2025","","","","12.14"
"JES-25-113","676033","45.75","47.275","1.53","1","","ALS","PIL-087","HE25108554 - Finalized","10/04/2025","Chips_QuarterSplit","11.84","Yuvitza.Davila","10/04/2025","","","","11.85"
"JES-25-113","676034","47.275","48.8","1.53","1","","ALS","PIL-087","HE25108554 - Finalized","10/04/2025","Chips_QuarterSplit","10.89","Yuvitza.Davila","10/04/2025","","","","10.91"
"JES-25-113","676035","48.8","50.325","1.53","1","","ALS","PIL-087","HE25108554 - Finalized","10/04/2025","Chips_QuarterSplit","10.44","Yuvitza.Davila","10/04/2025","","","","10.02"
"JES-25-113","676038","50.325","51.85","1.53","1","","ALS","PIL-087","HE25108554 - Finalized","10/04/2025","Chips_QuarterSplit","10.28","Yuvitza.Davila","10/04/2025","","","","9.52"
"JES-25-113","676039","51.85","53.375","1.53","1","","ALS","PIL-087","HE25108554 - Finalized","10/04/2025","Chips_QuarterSplit","10.38","Yuvitza.Davila","10/04/2025","","","","10.37"
"JES-25-113","676040","53.375","54.9","1.53","1","","ALS","PIL-087","HE25108554 - Finalized","10/04/2025","Chips_QuarterSplit","9.875","Yuvitza.Davila","10/04/2025","","","","9.880000000000001"
"JES-25-113","676041","54.9","56.425","1.53","1","","ALS","PIL-087","HE25108554 - Finalized","10/04/2025","Chips_QuarterSplit","9.405","Yuvitza.Davila","10/04/2025","","","","9.41"
"JES-25-113","676042","56.425","57.95","1.53","1","","ALS","PIL-087","HE25108554 - Finalized","10/04/2025","Chips_QuarterSplit","9.8","Yuvitza.Davila","10/04/2025","","","","9.800000000000001"
"JES-25-113","676043","57.95","59.475","1.53","1","","ALS","PIL-087","HE25108554 - Finalized","10/04/2025","Chips_QuarterSplit","10.126","Yuvitza.Davila","10/04/2025","","","","10.13"
"JES-25-113","676044","59.475","61","1.53","1","","ALS","PIL-087","HE25108554 - Finalized","10/04/2025","Chips_QuarterSplit","10.355","Yuvitza.Davila","10/04/2025","","","","10.36"
"JES-25-113","676045","61","62.525","1.53","1","","ALS","PIL-087","HE25108554 - Finalized","10/04/2025","Chips_QuarterSplit","10.42","Yuvitza.Davila","10/04/2025","","","","10.44"
"JES-25-113","676046","62.525","64.05","1.53","1","","ALS","PIL-087","HE25108554 - Finalized","10/04/2025","Chips_QuarterSplit","10.27","Yuvitza.Davila","10/04/2025","","","","10.27"
"JES-25-113","676047","64.05","65.575","1.53","1","","ALS","PIL-087","HE25108554 - Finalized","10/04/2025","Chips_QuarterSplit","10.92","Yuvitza.Davila","10/04/2025","","","","11.09"
"JES-25-113","676048","65.575","67.1","1.52","1","","ALS","PIL-087","HE25108554 - Finalized","10/04/2025","Chips_QuarterSplit","11.375","Yuvitza.Davila","10/04/2025","","","","11.39"
"JES-25-113","676049","67.1","68.625","1.53","1","","ALS","PIL-087","HE25108554 - Finalized","10/04/2025","Chips_QuarterSplit","10.445","Yuvitza.Davila","10/04/2025","","","","10.44"
"JES-25-113","676050","68.625","70.15","1.53","1","","ALS","PIL-087","HE25108554 - Finalized","10/04/2025","Chips_QuarterSplit","9.75","Yuvitza.Davila","10/04/2025","","","","9.75"
"JES-25-113","676051","70.15","71.675","1.52","1","","ALS","PIL-087","HE25108554 - Finalized","10/04/2025","Chips_QuarterSplit","12.215","Yuvitza.Davila","10/04/2025","","","","12.22"
"JES-25-113","676052","71.675","73.2","1.53","1","","ALS","PIL-087","HE25108554 - Finalized","10/04/2025","Chips_QuarterSplit","10.425","Yuvitza.Davila","10/04/2025","","","","10.44"
"JES-25-113","676053","73.2","74.725","1.52","1","","ALS","PIL-087","HE25108554 - Finalized","10/04/2025","Chips_QuarterSplit","9.195","Yuvitza.Davila","10/04/2025","","","","9.23"
"JES-25-113","676054","74.725","76.25","1.53","1","","ALS","PIL-087","HE25108554 - Finalized","10/04/2025","Chips_QuarterSplit","12.11","Yuvitza.Davila","10/04/2025","","","","12.14"
"JES-25-113","676056","76.25","77.775","1.53","1","","ALS","PIL-087","HE25108554 - Finalized","10/04/2025","Chips_QuarterSplit","10.995","MartinNovara","17/04/2025","","","","10.99"
"JES-25-113","676057","77.775","79.3","1.52","1","","ALS","PIL-087","HE25108554 - Finalized","10/04/2025","Chips_QuarterSplit","12.725","MartinNovara","17/04/2025","","","","13.09"
"JES-25-113","676058","79.3","80.825","1.53","1","","ALS","PIL-087","HE25108554 - Finalized","10/04/2025","Chips_QuarterSplit","10.265","MartinNovara","17/04/2025","","","","10.28"
"JES-25-113","676059","80.825","82.35","1.52","1","","ALS","PIL-087","HE25108554 - Finalized","10/04/2025","Chips_QuarterSplit","9.02","MartinNovara","17/04/2025","","","","8.800000000000001"
"JES-25-113","676060","82.35","83.875","1.53","1","","ALS","PIL-087","HE25108554 - Finalized","10/04/2025","Chips_QuarterSplit","9.89","MartinNovara","17/04/2025","","","","9.9"
"JES-25-113","676061","83.875","85.4","1.53","1","","ALS","PIL-087","HE25108554 - Finalized","10/04/2025","Chips_QuarterSplit","13.86","MartinNovara","17/04/2025","","","","13.87"
"JES-25-113","676062","85.4","86.925","1.52","1","","ALS","PIL-087","HE25108554 - Finalized","10/04/2025","Chips_QuarterSplit","11.65","MartinNovara","17/04/2025","","","","11.66"
"JES-25-113","676063","86.925","88.45","1.53","1","","ALS","PIL-087","HE25108554 - Finalized","10/04/2025","Chips_QuarterSplit","7.68","MartinNovara","17/04/2025","","","","7.67"
"JES-25-113","676064","88.45","89.975","1.52","1","","ALS","PIL-087","HE25108554 - Finalized","10/04/2025","Chips_QuarterSplit","10.255","MartinNovara","17/04/2025","","","","10.26"
"JES-25-113","676065","89.975","91.5","1.53","1","","ALS","PIL-087","HE25108554 - Finalized","10/04/2025","Chips_QuarterSplit","12.15","MartinNovara","17/04/2025","","","","12.17"
"JES-25-113","676066","91.5","93.025","1.53","1","","ALS","PIL-087","HE25108554 - Finalized","10/04/2025","Chips_QuarterSplit","11.065","MartinNovara","17/04/2025","","","","11.1"
"JES-25-113","676067","93.025","94.55","1.52","1","","ALS","PIL-087","HE25108554 - Finalized","10/04/2025","Chips_QuarterSplit","10.15","MartinNovara","17/04/2025","","","","10.19"
"JES-25-113","676068","94.55","96.075","1.53","1","","ALS","PIL-087","HE25108554 - Finalized","10/04/2025","Chips_QuarterSplit","8.505","MartinNovara","17/04/2025","","","","8.51"
"JES-25-113","676069","96.075","97.6","1.52","1","","ALS","PIL-087","HE25108554 - Finalized","10/04/2025","Chips_QuarterSplit","10.18","MartinNovara","17/04/2025","","","","9.199999999999999"
"JES-25-113","676070","97.6","99.125","1.53","1","","ALS","PIL-087","HE25108554 - Finalized","10/04/2025","Chips_QuarterSplit","10.615","MartinNovara","17/04/2025","","","","10.63"
"JES-25-113","676071","99.125","100.65","1.53","1","","ALS","PIL-087","HE25108554 - Finalized","10/04/2025","Chips_QuarterSplit","7.505","MartinNovara","17/04/2025","","","","7.5"
"JES-25-113","676073","100.65","102.175","1.52","1","","ALS","PIL-087","HE25108554 - Finalized","10/04/2025","Chips_QuarterSplit","7.76","MartinNovara","17/04/2025","","","","7.76"
"JES-25-113","676074","102.175","103.7","1.53","1","","ALS","PIL-087","HE25108554 - Finalized","10/04/2025","Chips_QuarterSplit","10.625","MartinNovara","17/04/2025","","","","10.65"
"JES-25-113","676075","103.7","105.225","1.52","1","","ALS","PIL-087","HE25108554 - Finalized","10/04/2025","Chips_QuarterSplit","6.935","MartinNovara","17/04/2025","","","","6.94"
"JES-25-113","676076","105.225","106.75","1.53","1","","ALS","PIL-087","HE25108554 - Finalized","10/04/2025","Chips_QuarterSplit","12.12","MartinNovara","17/04/2025","","","","12.13"
"JES-25-113","676077","106.75","108.275","1.53","1","","ALS","PIL-087","HE25108554 - Finalized","10/04/2025","Chips_QuarterSplit","10.43","MartinNovara","17/04/2025","","","","10.46"
"JES-25-113","676078","108.275","109.8","1.52","1","","ALS","PIL-087","HE25108554 - Finalized","10/04/2025","Chips_QuarterSplit","9.93","MartinNovara","17/04/2025","","","","9.94"
"JES-25-113","676079","109.8","111.325","1.53","1","","ALS","PIL-087","HE25108554 - Finalized","10/04/2025","Chips_QuarterSplit","12.93","MartinNovara","17/04/2025","","","","12.94"
"JES-25-113","676080","111.325","112.85","1.52","1","","ALS","PIL-087","HE25108554 - Finalized","10/04/2025","Chips_QuarterSplit","10.96","MartinNovara","17/04/2025","","","","10.97"
"JES-25-113","676081","112.85","114.375","1.53","1","","ALS","PIL-087","HE25108554 - Finalized","10/04/2025","Chips_QuarterSplit","11.28","MartinNovara","17/04/2025","","","","11.29"
"JES-25-113","676082","114.375","115.9","1.53","1","","ALS","PIL-087","HE25108554 - Finalized","10/04/2025","Chips_QuarterSplit","11.165","MartinNovara","17/04/2025","","","","11.17"
"JES-25-113","676083","115.9","117.425","1.52","1","","ALS","PIL-087","HE25108554 - Finalized","10/04/2025","Chips_QuarterSplit","8.08","MartinNovara","17/04/2025","","","","8.08"
"JES-25-113","676084","117.425","118.95","1.53","1","","ALS","PIL-087","HE25108554 - Finalized","10/04/2025","Chips_QuarterSplit","14.06","MartinNovara","17/04/2025","","","","14.08"
"JES-25-113","676085","118.95","120.475","1.52","1","","ALS","PIL-087","HE25108554 - Finalized","10/04/2025","Chips_QuarterSplit","13.42","MartinNovara","17/04/2025","","","","13.43"
"JES-25-113","676086","120.475","122","1.53","1","","ALS","PIL-087","HE25108554 - Finalized","10/04/2025","Chips_QuarterSplit","13.105","MartinNovara","17/04/2025","","","","13.1"
"JES-25-113","676087","122","123.525","1.53","1","","ALS","PIL-087","HE25108554 - Finalized","10/04/2025","Chips_QuarterSplit","7.375","MartinNovara","17/04/2025","","","","7.38"
"JES-25-113","676088","123.525","125.05","1.52","1","","ALS","PIL-087","HE25108554 - Finalized","10/04/2025","Chips_QuarterSplit","7.515","MartinNovara","17/04/2025","","","","7.52"
"JES-25-113","676089","125.05","126.575","1.53","1","","ALS","PIL-087","HE25108554 - Finalized","10/04/2025","Chips_QuarterSplit","7.74","MartinNovara","17/04/2025","","","","7.74"
"JES-25-113","676090","126.575","128.1","1.52","1","","ALS","PIL-087","HE25108554 - Finalized","10/04/2025","Chips_QuarterSplit","13.69","MartinNovara","17/04/2025","","","","13.71"
"JES-25-113","676091","128.1","129.625","1.53","1","","ALS","PIL-087","HE25108554 - Finalized","10/04/2025","Chips_QuarterSplit","7.725","MartinNovara","17/04/2025","","","","7.74"
"JES-25-113","676092","129.625","131.15","1.53","1","","ALS","PIL-087","HE25108554 - Finalized","10/04/2025","Chips_QuarterSplit","11.18","MartinNovara","17/04/2025","","","","10.39"
"JES-25-113","676093","131.15","132.675","1.53","1","","ALS","PIL-087","HE25108554 - Finalized","10/04/2025","Chips_QuarterSplit","2.81","MartinNovara","17/04/2025","","","","2.65"
"JES-25-113","676095","132.675","134.2","1.52","1","","ALS","PIL-087","HE25108554 - Finalized","10/04/2025","Chips_QuarterSplit","11.16","MartinNovara","17/04/2025","","","","10.3"
"JES-25-113","676096","134.2","135.725","1.53","1","","ALS","PIL-087","HE25108554 - Finalized","10/04/2025","Chips_QuarterSplit","8.905","MartinNovara","17/04/2025","","","","8.85"
"JES-25-113","676097","135.725","137.25","1.53","1","","ALS","PIL-087","HE25108554 - Finalized","10/04/2025","Chips_QuarterSplit","12.745","MartinNovara","17/04/2025","","","","11.75"
"JES-25-115","676221","0","1.525","1.53","1","","ALS","PIL-089","HE25108557 - Finalized","14/04/2025","Chips_QuarterSplit","2.07","Yuvitza.Davila","14/04/2025","","","","2.03"
"JES-25-115","676222","1.525","3.05","1.53","1","","ALS","PIL-089","HE25108557 - Finalized","14/04/2025","Chips_QuarterSplit","3.08","Yuvitza.Davila","14/04/2025","","","","3.05"
"JES-25-115","676223","3.05","4.575","1.53","1","","ALS","PIL-089","HE25108557 - Finalized","14/04/2025","Chips_QuarterSplit","1.645","Yuvitza.Davila","14/04/2025","","","","1.61"
"JES-25-115","676224","4.575","6.1","1.53","1","","ALS","PIL-089","HE25108557 - Finalized","14/04/2025","Chips_QuarterSplit","9.42","Yuvitza.Davila","14/04/2025","","","","9.4"
"JES-25-115","676225","6.1","7.625","1.53","1","","ALS","PIL-089","HE25108557 - Finalized","14/04/2025","Chips_QuarterSplit","8.14","Yuvitza.Davila","14/04/2025","","","","8.130000000000001"
"JES-25-115","676226","7.625","9.15","1.53","1","","ALS","PIL-089","HE25108557 - Finalized","14/04/2025","Chips_QuarterSplit","6.675","Yuvitza.Davila","14/04/2025","","","","6.65"
"JES-25-115","676227","9.15","10.675","1.53","1","","ALS","PIL-089","HE25108557 - Finalized","14/04/2025","Chips_QuarterSplit","8.44","Yuvitza.Davila","14/04/2025","","","","8.42"
"JES-25-115","676228","10.675","12.2","1.53","1","","ALS","PIL-089","HE25108557 - Finalized","14/04/2025","Chips_QuarterSplit","6.545","Yuvitza.Davila","14/04/2025","","","","6.52"
"JES-25-115","676229","12.2","13.725","1.53","1","","ALS","PIL-089","HE25108557 - Finalized","14/04/2025","Chips_QuarterSplit","6.165","Yuvitza.Davila","14/04/2025","","","","6.15"
"JES-25-115","676230","13.725","15.25","1.53","1","","ALS","PIL-089","HE25108557 - Finalized","14/04/2025","Chips_QuarterSplit","8.91","Yuvitza.Davila","14/04/2025","","","","8.890000000000001"
"JES-25-115","676231","15.25","16.775","1.53","1","","ALS","PIL-089","HE25108557 - Finalized","14/04/2025","Chips_QuarterSplit","7.545","Yuvitza.Davila","14/04/2025","","","","7.52"
"JES-25-115","676232","16.775","18.3","1.53","1","","ALS","PIL-089","HE25108557 - Finalized","14/04/2025","Chips_QuarterSplit","7.96","Yuvitza.Davila","14/04/2025","","","","7.93"
"JES-25-115","676233","18.3","19.825","1.53","1","","ALS","PIL-089","HE25108557 - Finalized","14/04/2025","Chips_QuarterSplit","7.39","Yuvitza.Davila","14/04/2025","","","","7.35"
"JES-25-115","676234","19.825","21.35","1.53","1","","ALS","PIL-089","HE25108557 - Finalized","14/04/2025","Chips_QuarterSplit","8.595","Yuvitza.Davila","14/04/2025","","","","8.58"
"JES-25-115","676236","21.35","22.875","1.53","1","","ALS","PIL-089","HE25108557 - Finalized","14/04/2025","Chips_QuarterSplit","8.27","Yuvitza.Davila","14/04/2025","","","","8.26"
"JES-25-115","676237","22.875","24.4","1.53","1","","ALS","PIL-089","HE25108557 - Finalized","14/04/2025","Chips_QuarterSplit","9.535","Yuvitza.Davila","14/04/2025","","","","9.52"
"JES-25-115","676238","24.4","25.925","1.53","1","","ALS","PIL-089","HE25108557 - Finalized","14/04/2025","Chips_QuarterSplit","7.965","Yuvitza.Davila","14/04/2025","","","","7.95"
"JES-25-115","676239","25.925","27.45","1.53","1","","ALS","PIL-089","HE25108557 - Finalized","14/04/2025","Chips_QuarterSplit","9.14","Yuvitza.Davila","14/04/2025","","","","9.119999999999999"
"JES-25-115","676240","27.45","28.975","1.53","1","","ALS","PIL-089","HE25108557 - Finalized","14/04/2025","Chips_QuarterSplit","8.755","Yuvitza.Davila","14/04/2025","","","","8.74"
"JES-25-115","676241","28.975","30.5","1.53","1","","ALS","PIL-089","HE25108557 - Finalized","14/04/2025","Chips_QuarterSplit","7.175","Yuvitza.Davila","14/04/2025","","","","7.2"
"JES-25-115","676242","30.5","32.025","1.53","1","","ALS","PIL-089","HE25108557 - Finalized","14/04/2025","Chips_QuarterSplit","8.7","Yuvitza.Davila","14/04/2025","","","","8.710000000000001"
"JES-25-115","676243","32.025","33.55","1.53","1","","ALS","PIL-089","HE25108557 - Finalized","14/04/2025","Chips_QuarterSplit","6.67","Yuvitza.Davila","14/04/2025","","","","6.67"
"JES-25-115","676244","33.55","35.075","1.53","1","","ALS","PIL-089","HE25108557 - Finalized","14/04/2025","Chips_QuarterSplit","8.83","Yuvitza.Davila","14/04/2025","","","","8.84"
"JES-25-115","676245","35.075","36.6","1.53","1","","ALS","PIL-089","HE25108557 - Finalized","14/04/2025","Chips_QuarterSplit","6.78","Yuvitza.Davila","14/04/2025","","","","6.79"
"JES-25-115","676246","36.6","38.125","1.53","1","","ALS","PIL-089","HE25108557 - Finalized","14/04/2025","Chips_QuarterSplit","8.785","Yuvitza.Davila","14/04/2025","","","","8.789999999999999"
"JES-25-115","676247","38.125","39.65","1.53","1","","ALS","PIL-089","HE25108557 - Finalized","14/04/2025","Chips_QuarterSplit","8.69","Yuvitza.Davila","14/04/2025","","","","8.720000000000001"
"JES-25-115","676248","39.65","41.175","1.53","1","","ALS","PIL-089","HE25108557 - Finalized","14/04/2025","Chips_QuarterSplit","7.8","Yuvitza.Davila","14/04/2025","","","","7.81"
"JES-25-115","676249","41.175","42.7","1.53","1","","ALS","PIL-089","HE25108557 - Finalized","14/04/2025","Chips_QuarterSplit","8.82","Yuvitza.Davila","14/04/2025","","","","8.83"
"JES-25-115","676250","42.7","44.225","1.53","1","","ALS","PIL-089","HE25108557 - Finalized","14/04/2025","Chips_QuarterSplit","6.635","Yuvitza.Davila","14/04/2025","","","","6.64"
"JES-25-115","676251","44.225","45.75","1.53","1","","ALS","PIL-089","HE25108557 - Finalized","14/04/2025","Chips_QuarterSplit","8.82","Yuvitza.Davila","14/04/2025","","","","8.83"
"JES-25-115","676252","45.75","47.275","1.53","1","","ALS","PIL-089","HE25108557 - Finalized","14/04/2025","Chips_QuarterSplit","6.075","Yuvitza.Davila","14/04/2025","","","","6.07"
"JES-25-115","676253","47.275","48.8","1.53","1","","ALS","PIL-089","HE25108557 - Finalized","14/04/2025","Chips_QuarterSplit","7.305","Yuvitza.Davila","14/04/2025","","","","7.3"
"JES-25-115","676254","48.8","50.325","1.53","1","","ALS","PIL-089","HE25108557 - Finalized","14/04/2025","Chips_QuarterSplit","7.085","Yuvitza.Davila","14/04/2025","","","","7.09"
"JES-25-115","676257","50.325","51.85","1.53","1","","ALS","PIL-089","HE25108557 - Finalized","14/04/2025","Chips_QuarterSplit","7.015","Yuvitza.Davila","14/04/2025","","","","7.02"
"JES-25-115","676258","51.85","53.375","1.53","1","","ALS","PIL-089","HE25108557 - Finalized","14/04/2025","Chips_QuarterSplit","8.135","Yuvitza.Davila","14/04/2025","","","","8.15"
"JES-25-115","676259","53.375","54.9","1.53","1","","ALS","PIL-089","HE25108557 - Finalized","14/04/2025","Chips_QuarterSplit","5.665","Yuvitza.Davila","14/04/2025","","","","5.67"
"JES-25-115","676260","54.9","56.425","1.53","1","","ALS","PIL-089","HE25108557 - Finalized","14/04/2025","Chips_QuarterSplit","6.765","Yuvitza.Davila","14/04/2025","","","","6.77"
"JES-25-115","676261","56.425","57.95","1.53","1","","ALS","PIL-089","HE25108557 - Finalized","14/04/2025","Chips_QuarterSplit","5.51","Yuvitza.Davila","14/04/2025","","","","5.51"
"JES-25-115","676262","57.95","59.475","1.53","1","","ALS","PIL-089","HE25108557 - Finalized","14/04/2025","Chips_QuarterSplit","5.825","Yuvitza.Davila","14/04/2025","","","","5.84"
"JES-25-115","676263","59.475","61","1.53","1","","ALS","PIL-089","HE25108557 - Finalized","14/04/2025","Chips_QuarterSplit","6.98","Yuvitza.Davila","14/04/2025","","","","7.01"
"JES-25-115","676264","61","62.525","1.53","1","","ALS","PIL-089","HE25108557 - Finalized","14/04/2025","Chips_QuarterSplit","5.83","Yuvitza.Davila","14/04/2025","","","","5.83"
"JES-25-115","676265","62.525","64.05","1.53","1","","ALS","PIL-089","HE25108557 - Finalized","14/04/2025","Chips_QuarterSplit","5.62","Yuvitza.Davila","14/04/2025","","","","5.63"
"JES-25-115","676266","64.05","65.575","1.53","1","","ALS","PIL-089","HE25108557 - Finalized","14/04/2025","Chips_QuarterSplit","6.155","Yuvitza.Davila","14/04/2025","","","","6.15"
"JES-25-115","676267","65.575","67.1","1.52","1","","ALS","PIL-089","HE25108557 - Finalized","14/04/2025","Chips_QuarterSplit","8","Yuvitza.Davila","14/04/2025","","","","8.01"
"JES-25-115","676268","67.1","68.625","1.53","1","","ALS","PIL-089","HE25108557 - Finalized","14/04/2025","Chips_QuarterSplit","6.69","Yuvitza.Davila","14/04/2025","","","","6.69"
"JES-25-115","676269","68.625","70.15","1.53","1","","ALS","PIL-089","HE25108557 - Finalized","14/04/2025","Chips_QuarterSplit","7.57","Yuvitza.Davila","14/04/2025","","","","7.58"
"JES-25-115","676270","70.15","71.675","1.52","1","","ALS","PIL-089","HE25108557 - Finalized","14/04/2025","Chips_QuarterSplit","7.63","Yuvitza.Davila","14/04/2025","","","","7.64"
"JES-25-115","676271","71.675","73.2","1.53","1","","ALS","PIL-089","HE25108557 - Finalized","14/04/2025","Chips_QuarterSplit","9.25","Yuvitza.Davila","14/04/2025","","","","9.279999999999999"
"JES-25-115","676272","73.2","74.725","1.52","1","","ALS","PIL-089","HE25108557 - Finalized","14/04/2025","Chips_QuarterSplit","8.7","Yuvitza.Davila","14/04/2025","","","","8.720000000000001"
"JES-25-115","676273","74.725","76.25","1.53","1","","ALS","PIL-089","HE25108557 - Finalized","14/04/2025","Chips_QuarterSplit","7.67","Yuvitza.Davila","14/04/2025","","","","7.68"
"JES-25-115","676275","76.25","77.775","1.53","1","","ALS","PIL-089","HE25108557 - Finalized","14/04/2025","Chips_QuarterSplit","7.595","Yuvitza.Davila","14/04/2025","","","","7.6"
"JES-25-115","676276","77.775","79.3","1.52","1","","ALS","PIL-089","HE25108557 - Finalized","14/04/2025","Chips_QuarterSplit","7.12","Yuvitza.Davila","14/04/2025","","","","7.15"
"JES-25-115","676277","79.3","80.825","1.53","1","","ALS","PIL-089","HE25108557 - Finalized","14/04/2025","Chips_QuarterSplit","6.255","Yuvitza.Davila","14/04/2025","","","","6.26"
"JES-25-115","676278","80.825","82.35","1.52","1","","ALS","PIL-089","HE25108557 - Finalized","14/04/2025","Chips_QuarterSplit","8.34","Yuvitza.Davila","14/04/2025","","","","8.359999999999999"
"JES-25-115","676279","82.35","83.875","1.53","1","","ALS","PIL-089","HE25108557 - Finalized","14/04/2025","Chips_QuarterSplit","6.515","Yuvitza.Davila","14/04/2025","","","","6.83"
"JES-25-115","676280","83.875","85.4","1.53","1","","ALS","PIL-089","HE25108557 - Finalized","14/04/2025","Chips_QuarterSplit","8.03","Yuvitza.Davila","14/04/2025","","","","8.050000000000001"
"JES-25-115","676281","85.4","86.925","1.52","1","","ALS","PIL-089","HE25108557 - Finalized","14/04/2025","Chips_QuarterSplit","6.515","Yuvitza.Davila","14/04/2025","","","","6.54"
"JES-25-115","676282","86.925","88.45","1.53","1","","ALS","PIL-089","HE25108557 - Finalized","14/04/2025","Chips_QuarterSplit","7.545","Yuvitza.Davila","14/04/2025","","","","7.57"
"JES-25-115","676283","88.45","89.975","1.52","1","","ALS","PIL-089","HE25108557 - Finalized","14/04/2025","Chips_QuarterSplit","6.56","Yuvitza.Davila","14/04/2025","","","","6.58"
"JES-25-115","676284","89.975","91.5","1.53","1","","ALS","PIL-089","HE25108557 - Finalized","14/04/2025","Chips_QuarterSplit","7.39","Yuvitza.Davila","14/04/2025","","","","7.42"
"JES-25-115","676285","91.5","93.025","1.53","1","","ALS","PIL-089","HE25108557 - Finalized","14/04/2025","Chips_QuarterSplit","8.33","Yuvitza.Davila","14/04/2025","","","","8.35"
"JES-25-115","676286","93.025","94.55","1.52","1","","ALS","PIL-089","HE25108557 - Finalized","14/04/2025","Chips_QuarterSplit","7.665","Yuvitza.Davila","14/04/2025","","","","7.69"
"JES-25-115","676287","94.55","96.075","1.53","1","","ALS","PIL-089","HE25108557 - Finalized","14/04/2025","Chips_QuarterSplit","7.35","Yuvitza.Davila","14/04/2025","","","","7.39"
"JES-25-115","676288","96.075","97.6","1.52","1","","ALS","PIL-089","HE25108557 - Finalized","14/04/2025","Chips_QuarterSplit","8.155","Yuvitza.Davila","14/04/2025","","","","8.19"
"JES-25-115","676289","97.6","99.125","1.53","1","","ALS","PIL-089","HE25108557 - Finalized","14/04/2025","Chips_QuarterSplit","6.485","Yuvitza.Davila","14/04/2025","","","","6.51"
"JES-25-115","676290","99.125","100.65","1.53","1","","ALS","PIL-089","HE25108557 - Finalized","14/04/2025","Chips_QuarterSplit","6.93","Yuvitza.Davila","14/04/2025","","","","6.96"
"JES-25-115","676292","100.65","102.175","1.52","1","","ALS","PIL-089","HE25108557 - Finalized","14/04/2025","Chips_QuarterSplit","8.89","Yuvitza.Davila","14/04/2025","","","","8.94"
"JES-25-115","676293","102.175","103.7","1.53","1","","ALS","PIL-089","HE25108557 - Finalized","14/04/2025","Chips_QuarterSplit","7.71","Yuvitza.Davila","14/04/2025","","","","7.74"
"JES-25-115","676294","103.7","105.225","1.52","1","","ALS","PIL-089","HE25108557 - Finalized","14/04/2025","Chips_QuarterSplit","6.475","Yuvitza.Davila","14/04/2025","","","","6.44"
"JES-25-115","676295","105.225","106.75","1.53","1","","ALS","PIL-089","HE25108557 - Finalized","14/04/2025","Chips_QuarterSplit","7.89","Yuvitza.Davila","14/04/2025","","","","7.99"
"JES-25-115","676296","106.75","108.275","1.53","1","","ALS","PIL-089","HE25108557 - Finalized","14/04/2025","Chips_QuarterSplit","6.725","Yuvitza.Davila","14/04/2025","","","","6.71"
"JES-25-115","676297","108.275","109.8","1.52","1","","ALS","PIL-089","HE25108557 - Finalized","14/04/2025","Chips_QuarterSplit","8.115","Yuvitza.Davila","14/04/2025","","","","8.130000000000001"
"JES-25-115","676298","109.8","111.325","1.53","1","","ALS","PIL-089","HE25108557 - Finalized","14/04/2025","Chips_QuarterSplit","7.825","Yuvitza.Davila","14/04/2025","","","","7.85"
"JES-25-115","676299","111.325","112.85","1.52","1","","ALS","PIL-089","HE25108557 - Finalized","14/04/2025","Chips_QuarterSplit","7.735","Yuvitza.Davila","14/04/2025","","","","7.74"
"JES-25-115","676300","112.85","114.375","1.53","1","","ALS","PIL-089","HE25108557 - Finalized","14/04/2025","Chips_QuarterSplit","8.95","Yuvitza.Davila","14/04/2025","","","","8.960000000000001"
"JES-25-115","676301","114.375","115.9","1.53","1","","ALS","PIL-089","HE25108557 - Finalized","14/04/2025","Chips_QuarterSplit","7.585","Yuvitza.Davila","14/04/2025","","","","7.6"
"JES-25-115","676302","115.9","117.425","1.52","1","","ALS","PIL-089","HE25108557 - Finalized","14/04/2025","Chips_QuarterSplit","6.705","Yuvitza.Davila","14/04/2025","","","","6.71"
"JES-25-115","676303","117.425","118.95","1.53","1","","ALS","PIL-089","HE25108557 - Finalized","14/04/2025","Chips_QuarterSplit","9.96","Yuvitza.Davila","14/04/2025","","","","9.98"
"JES-25-115","676304","118.95","120.475","1.52","1","","ALS","PIL-089","HE25108557 - Finalized","14/04/2025","Chips_QuarterSplit","9.1","Yuvitza.Davila","14/04/2025","","","","9.109999999999999"
"JES-25-115","676305","120.475","122","1.53","1","","ALS","PIL-089","HE25108557 - Finalized","14/04/2025","Chips_QuarterSplit","8.415","Yuvitza.Davila","14/04/2025","","","","8.43"
"JES-25-115","676306","122","123.525","1.53","1","","ALS","PIL-089","HE25108557 - Finalized","14/04/2025","Chips_QuarterSplit","9.18","Yuvitza.Davila","14/04/2025","","","","9.199999999999999"
"JES-25-115","676307","123.525","125.05","1.52","1","","ALS","PIL-089","HE25108557 - Finalized","14/04/2025","Chips_QuarterSplit","9.305","Yuvitza.Davila","14/04/2025","","","","9.32"
"JES-25-115","676308","125.05","126.575","1.53","1","","ALS","PIL-089","HE25108557 - Finalized","14/04/2025","Chips_QuarterSplit","8.165","Yuvitza.Davila","14/04/2025","","","","8.18"
"JES-25-115","676309","126.575","128.1","1.52","1","","ALS","PIL-089","HE25108557 - Finalized","14/04/2025","Chips_QuarterSplit","9.14","Yuvitza.Davila","14/04/2025","","","","9.15"
"JES-25-115","676310","128.1","129.625","1.53","1","","ALS","PIL-089","HE25108557 - Finalized","14/04/2025","Chips_QuarterSplit","6.905","Yuvitza.Davila","14/04/2025","","","","6.91"
"JES-25-115","676311","129.625","131.15","1.53","1","","ALS","PIL-089","HE25108557 - Finalized","14/04/2025","Chips_QuarterSplit","9.575","Yuvitza.Davila","14/04/2025","","","","9.58"
"JES-25-115","676312","131.15","132.675","1.53","1","","ALS","PIL-089","HE25108557 - Finalized","14/04/2025","Chips_QuarterSplit","7.875","Yuvitza.Davila","14/04/2025","","","","7.87"
"JES-25-115","676314","132.675","134.2","1.52","1","","ALS","PIL-089","HE25108557 - Finalized","14/04/2025","Chips_QuarterSplit","8.785","Yuvitza.Davila","14/04/2025","","","","8.789999999999999"
"JES-25-115","676315","134.2","135.725","1.53","1","","ALS","PIL-089","HE25108557 - Finalized","14/04/2025","Chips_QuarterSplit","8.77","Yuvitza.Davila","14/04/2025","","","","8.17"
"JES-25-115","676316","135.725","137.25","1.53","1","","ALS","PIL-089","HE25108557 - Finalized","14/04/2025","Chips_QuarterSplit","8.75","Yuvitza.Davila","14/04/2025","","","","8.76"
"JES-25-115","676317","137.25","138.775","1.53","1","","ALS","PIL-089","HE25108557 - Finalized","14/04/2025","Chips_QuarterSplit","8.04","Yuvitza.Davila","14/04/2025","","","","8.050000000000001"
"JES-25-115","676318","138.775","140.3","1.53","1","","ALS","PIL-089","HE25108557 - Finalized","14/04/2025","Chips_QuarterSplit","8.535","Yuvitza.Davila","14/04/2025","","","","8.550000000000001"
"JES-25-115","676319","140.3","141.825","1.52","1","","ALS","PIL-089","HE25108557 - Finalized","14/04/2025","Chips_QuarterSplit","7.83","Yuvitza.Davila","14/04/2025","","","","7.84"
"JES-25-115","676320","141.825","143.35","1.53","1","","ALS","PIL-089","HE25108557 - Finalized","14/04/2025","Chips_QuarterSplit","8.93","Yuvitza.Davila","14/04/2025","","","","8.960000000000001"
"JES-25-115","676321","143.35","144.875","1.53","1","","ALS","PIL-089","HE25108557 - Finalized","14/04/2025","Chips_QuarterSplit","9.805","Yuvitza.Davila","14/04/2025","","","","9.81"
"JES-25-115","676322","144.875","146.4","1.53","1","","ALS","PIL-089","HE25108557 - Finalized","14/04/2025","Chips_QuarterSplit","11.71","Yuvitza.Davila","14/04/2025","","","","11.72"
"JES-25-115","676323","146.4","147.925","1.53","1","","ALS","PIL-089","HE25108557 - Finalized","14/04/2025","Chips_QuarterSplit","8.855","Yuvitza.Davila","14/04/2025","","","","8.460000000000001"
"JES-25-115","676324","147.925","149.45","1.52","1","","ALS","PIL-089","HE25108557 - Finalized","14/04/2025","Chips_QuarterSplit","9.035","Yuvitza.Davila","14/04/2025","","","","9.050000000000001"
"JES-25-115","676325","149.45","150.975","1.53","1","","ALS","PIL-089","HE25108557 - Finalized","14/04/2025","Chips_QuarterSplit","10.455","Yuvitza.Davila","14/04/2025","","","","10.46"