Collar,Sample ID,Geol_From,Geol_To,Thickness,Chk,Comments,Lab,Dispatch_ID,Lab_Certificate,Dispatch_Date,Drill_Sample_Type,Sample_Mass,Sampler,Samp_Date,AuCheck_ppm_Au-AA23,AuCheck_ppm_Au-AA24,AuCheck_ppm_Au-GRA22,RecvdWt_kg_WEI-21
JES-25-113,676002,0,1.525,1.53,1,,ALS,PIL-087,HE25108554 - Finalized,10/04/2025,Chips_QuarterSplit,3.705,Yuvitza.Davila,10/04/2025,,,,3.64
JES-25-113,676003,1.525,3.05,1.53,1,,ALS,PIL-087,HE25108554 - Finalized,10/04/2025,Chips_QuarterSplit,5.23,Yuvitza.Davila,10/04/2025,,,,5.23
JES-25-113,676004,3.05,4.575,1.53,1,,ALS,PIL-087,HE25108554 - Finalized,10/04/2025,Chips_QuarterSplit,7.475,Yuvitza.Davila,10/04/2025,,,,7.47
JES-25-113,676005,4.575,6.1,1.53,1,,ALS,PIL-087,HE25108554 - Finalized,10/04/2025,Chips_QuarterSplit,6.27,Yuvitza.Davila,10/04/2025,,,,6.27
JES-25-113,676006,6.1,7.625,1.53,1,,ALS,PIL-087,HE25108554 - Finalized,10/04/2025,Chips_QuarterSplit,5.665,Yuvitza.Davila,10/04/2025,,,,5.55
JES-25-113,676007,7.625,9.15,1.53,1,,ALS,PIL-087,HE25108554 - Finalized,10/04/2025,Chips_QuarterSplit,10.085,Yuvitza.Davila,10/04/2025,,,,9.87
JES-25-113,676008,9.15,10.675,1.53,1,,ALS,PIL-087,HE25108554 - Finalized,10/04/2025,Chips_QuarterSplit,7.045,Yuvitza.Davila,10/04/2025,,,,7
JES-25-113,676009,10.675,12.2,1.53,1,,ALS,PIL-087,HE25108554 - Finalized,10/04/2025,Chips_QuarterSplit,8.96,Yuvitza.Davila,10/04/2025,,,,8.97
JES-25-113,676010,12.2,13.725,1.53,1,,ALS,PIL-087,HE25108554 - Finalized,10/04/2025,Chips_QuarterSplit,9.61,Yuvitza.Davila,10/04/2025,,,,9.61
JES-25-113,676011,13.725,15.25,1.53,1,,ALS,PIL-087,HE25108554 - Finalized,10/04/2025,Chips_QuarterSplit,5.945,Yuvitza.Davila,10/04/2025,,,,5.94
JES-25-113,676012,15.25,16.775,1.53,1,,ALS,PIL-087,HE25108554 - Finalized,10/04/2025,Chips_QuarterSplit,9.965,Yuvitza.Davila,10/04/2025,,,,9.96
JES-25-113,676013,16.775,18.3,1.53,1,,ALS,PIL-087,HE25108554 - Finalized,10/04/2025,Chips_QuarterSplit,11.115,Yuvitza.Davila,10/04/2025,,,,11.12
JES-25-113,676014,18.3,19.825,1.53,1,,ALS,PIL-087,HE25108554 - Finalized,10/04/2025,Chips_QuarterSplit,9.47,Yuvitza.Davila,10/04/2025,,,,9.48
JES-25-113,676015,19.825,21.35,1.53,1,,ALS,PIL-087,HE25108554 - Finalized,10/04/2025,Chips_QuarterSplit,7.04,Yuvitza.Davila,10/04/2025,,,,7.04
JES-25-113,676017,21.35,22.875,1.53,1,,ALS,PIL-087,HE25108554 - Finalized,10/04/2025,Chips_QuarterSplit,8.96,Yuvitza.Davila,10/04/2025,,,,8.98
JES-25-113,676018,22.875,24.4,1.53,1,,ALS,PIL-087,HE25108554 - Finalized,10/04/2025,Chips_QuarterSplit,12.205,Yuvitza.Davila,10/04/2025,,,,12.22
JES-25-113,676019,24.4,25.925,1.53,1,,ALS,PIL-087,HE25108554 - Finalized,10/04/2025,Chips_QuarterSplit,13.055,Yuvitza.Davila,10/04/2025,,,,13.08
JES-25-113,676020,25.925,27.45,1.53,1,,ALS,PIL-087,HE25108554 - Finalized,10/04/2025,Chips_QuarterSplit,9.58,Yuvitza.Davila,10/04/2025,,,,9.59
JES-25-113,676021,27.45,28.975,1.53,1,,ALS,PIL-087,HE25108554 - Finalized,10/04/2025,Chips_QuarterSplit,9.82,Yuvitza.Davila,10/04/2025,,,,9.84
JES-25-113,676022,28.975,30.5,1.53,1,,ALS,PIL-087,HE25108554 - Finalized,10/04/2025,Chips_QuarterSplit,11.475,Yuvitza.Davila,10/04/2025,,,,11.49
JES-25-113,676023,30.5,32.025,1.53,1,,ALS,PIL-087,HE25108554 - Finalized,10/04/2025,Chips_QuarterSplit,9.355,Yuvitza.Davila,10/04/2025,,,,9.36
JES-25-113,676024,32.025,33.55,1.53,1,,ALS,PIL-087,HE25108554 - Finalized,10/04/2025,Chips_QuarterSplit,11.675,Yuvitza.Davila,10/04/2025,,,,11.67
JES-25-113,676025,33.55,35.075,1.53,1,,ALS,PIL-087,HE25108554 - Finalized,10/04/2025,Chips_QuarterSplit,11.74,Yuvitza.Davila,10/04/2025,,,,11.76
JES-25-113,676026,35.075,36.6,1.53,1,,ALS,PIL-087,HE25108554 - Finalized,10/04/2025,Chips_QuarterSplit,12.065,Yuvitza.Davila,10/04/2025,,,,12.08
JES-25-113,676027,36.6,38.125,1.53,1,,ALS,PIL-087,HE25108554 - Finalized,10/04/2025,Chips_QuarterSplit,11.445,Yuvitza.Davila,10/04/2025,,,,11.46
JES-25-113,676028,38.125,39.65,1.53,1,,ALS,PIL-087,HE25108554 - Finalized,10/04/2025,Chips_QuarterSplit,13.365,Yuvitza.Davila,10/04/2025,,,,13.38
JES-25-113,676029,39.65,41.175,1.53,1,,ALS,PIL-087,HE25108554 - Finalized,10/04/2025,Chips_QuarterSplit,9.7,Yuvitza.Davila,10/04/2025,,,,9.71
JES-25-113,676030,41.175,42.7,1.53,1,,ALS,PIL-087,HE25108554 - Finalized,10/04/2025,Chips_QuarterSplit,10.755,Yuvitza.Davila,10/04/2025,,,,10.77
JES-25-113,676031,42.7,44.225,1.53,1,,ALS,PIL-087,HE25108554 - Finalized,10/04/2025,Chips_QuarterSplit,11.875,Yuvitza.Davila,10/04/2025,,,,11.88
JES-25-113,676032,44.225,45.75,1.53,1,,ALS,PIL-087,HE25108554 - Finalized,10/04/2025,Chips_QuarterSplit,12.13,Yuvitza.Davila,10/04/2025,,,,12.14
JES-25-113,676033,45.75,47.275,1.53,1,,ALS,PIL-087,HE25108554 - Finalized,10/04/2025,Chips_QuarterSplit,11.84,Yuvitza.Davila,10/04/2025,,,,11.85
JES-25-113,676034,47.275,48.8,1.53,1,,ALS,PIL-087,HE25108554 - Finalized,10/04/2025,Chips_QuarterSplit,10.89,Yuvitza.Davila,10/04/2025,,,,10.91
JES-25-113,676035,48.8,50.325,1.53,1,,ALS,PIL-087,HE25108554 - Finalized,10/04/2025,Chips_QuarterSplit,10.44,Yuvitza.Davila,10/04/2025,,,,10.02
JES-25-113,676038,50.325,51.85,1.53,1,,ALS,PIL-087,HE25108554 - Finalized,10/04/2025,Chips_QuarterSplit,10.28,Yuvitza.Davila,10/04/2025,,,,9.52
JES-25-113,676039,51.85,53.375,1.53,1,,ALS,PIL-087,HE25108554 - Finalized,10/04/2025,Chips_QuarterSplit,10.38,Yuvitza.Davila,10/04/2025,,,,10.37
JES-25-113,676040,53.375,54.9,1.53,1,,ALS,PIL-087,HE25108554 - Finalized,10/04/2025,Chips_QuarterSplit,9.875,Yuvitza.Davila,10/04/2025,,,,9.88
JES-25-113,676041,54.9,56.425,1.53,1,,ALS,PIL-087,HE25108554 - Finalized,10/04/2025,Chips_QuarterSplit,9.405,Yuvitza.Davila,10/04/2025,,,,9.41
JES-25-113,676042,56.425,57.95,1.53,1,,ALS,PIL-087,HE25108554 - Finalized,10/04/2025,Chips_QuarterSplit,9.8,Yuvitza.Davila,10/04/2025,,,,9.8
JES-25-113,676043,57.95,59.475,1.53,1,,ALS,PIL-087,HE25108554 - Finalized,10/04/2025,Chips_QuarterSplit,10.126,Yuvitza.Davila,10/04/2025,,,,10.13
JES-25-113,676044,59.475,61,1.53,1,,ALS,PIL-087,HE25108554 - Finalized,10/04/2025,Chips_QuarterSplit,10.355,Yuvitza.Davila,10/04/2025,,,,10.36
JES-25-113,676045,61,62.525,1.53,1,,ALS,PIL-087,HE25108554 - Finalized,10/04/2025,Chips_QuarterSplit,10.42,Yuvitza.Davila,10/04/2025,,,,10.44
JES-25-113,676046,62.525,64.05,1.53,1,,ALS,PIL-087,HE25108554 - Finalized,10/04/2025,Chips_QuarterSplit,10.27,Yuvitza.Davila,10/04/2025,,,,10.27
JES-25-113,676047,64.05,65.575,1.53,1,,ALS,PIL-087,HE25108554 - Finalized,10/04/2025,Chips_QuarterSplit,10.92,Yuvitza.Davila,10/04/2025,,,,11.09
JES-25-113,676048,65.575,67.1,1.52,1,,ALS,PIL-087,HE25108554 - Finalized,10/04/2025,Chips_QuarterSplit,11.375,Yuvitza.Davila,10/04/2025,,,,11.39
JES-25-113,676049,67.1,68.625,1.53,1,,ALS,PIL-087,HE25108554 - Finalized,10/04/2025,Chips_QuarterSplit,10.445,Yuvitza.Davila,10/04/2025,,,,10.44
JES-25-113,676050,68.625,70.15,1.53,1,,ALS,PIL-087,HE25108554 - Finalized,10/04/2025,Chips_QuarterSplit,9.75,Yuvitza.Davila,10/04/2025,,,,9.75
JES-25-113,676051,70.15,71.675,1.52,1,,ALS,PIL-087,HE25108554 - Finalized,10/04/2025,Chips_QuarterSplit,12.215,Yuvitza.Davila,10/04/2025,,,,12.22
JES-25-113,676052,71.675,73.2,1.53,1,,ALS,PIL-087,HE25108554 - Finalized,10/04/2025,Chips_QuarterSplit,10.425,Yuvitza.Davila,10/04/2025,,,,10.44
JES-25-113,676053,73.2,74.725,1.52,1,,ALS,PIL-087,HE25108554 - Finalized,10/04/2025,Chips_QuarterSplit,9.195,Yuvitza.Davila,10/04/2025,,,,9.23
JES-25-113,676054,74.725,76.25,1.53,1,,ALS,PIL-087,HE25108554 - Finalized,10/04/2025,Chips_QuarterSplit,12.11,Yuvitza.Davila,10/04/2025,,,,12.14
JES-25-113,676056,76.25,77.775,1.53,1,,ALS,PIL-087,HE25108554 - Finalized,10/04/2025,Chips_QuarterSplit,10.995,Yuvitza.Davila,17/04/2025,,,,10.99
JES-25-113,676057,77.775,79.3,1.52,1,,ALS,PIL-087,HE25108554 - Finalized,10/04/2025,Chips_QuarterSplit,12.725,Yuvitza.Davila,17/04/2025,,,,13.09
JES-25-113,676058,79.3,80.825,1.53,1,,ALS,PIL-087,HE25108554 - Finalized,10/04/2025,Chips_QuarterSplit,10.265,Yuvitza.Davila,17/04/2025,,,,10.28
JES-25-113,676059,80.825,82.35,1.52,1,,ALS,PIL-087,HE25108554 - Finalized,10/04/2025,Chips_QuarterSplit,9.02,Yuvitza.Davila,17/04/2025,,,,8.8
JES-25-113,676060,82.35,83.875,1.53,1,,ALS,PIL-087,HE25108554 - Finalized,10/04/2025,Chips_QuarterSplit,9.89,Yuvitza.Davila,17/04/2025,,,,9.9
JES-25-113,676061,83.875,85.4,1.53,1,,ALS,PIL-087,HE25108554 - Finalized,10/04/2025,Chips_QuarterSplit,13.86,Yuvitza.Davila,17/04/2025,,,,13.87
JES-25-113,676062,85.4,86.925,1.52,1,,ALS,PIL-087,HE25108554 - Finalized,10/04/2025,Chips_QuarterSplit,11.65,Yuvitza.Davila,17/04/2025,,,,11.66
JES-25-113,676063,86.925,88.45,1.53,1,,ALS,PIL-087,HE25108554 - Finalized,10/04/2025,Chips_QuarterSplit,7.68,Yuvitza.Davila,17/04/2025,,,,7.67
JES-25-113,676064,88.45,89.975,1.52,1,,ALS,PIL-087,HE25108554 - Finalized,10/04/2025,Chips_QuarterSplit,10.255,Yuvitza.Davila,17/04/2025,,,,10.26
JES-25-113,676065,89.975,91.5,1.53,1,,ALS,PIL-087,HE25108554 - Finalized,10/04/2025,Chips_QuarterSplit,12.15,Yuvitza.Davila,17/04/2025,,,,12.17
JES-25-113,676066,91.5,93.025,1.53,1,,ALS,PIL-087,HE25108554 - Finalized,10/04/2025,Chips_QuarterSplit,11.065,Yuvitza.Davila,17/04/2025,,,,11.1
JES-25-113,676067,93.025,94.55,1.52,1,,ALS,PIL-087,HE25108554 - Finalized,10/04/2025,Chips_QuarterSplit,10.15,Yuvitza.Davila,17/04/2025,,,,10.19
JES-25-113,676068,94.55,96.075,1.53,1,,ALS,PIL-087,HE25108554 - Finalized,10/04/2025,Chips_QuarterSplit,8.505,Yuvitza.Davila,17/04/2025,,,,8.51
JES-25-113,676069,96.075,97.6,1.52,1,,ALS,PIL-087,HE25108554 - Finalized,10/04/2025,Chips_QuarterSplit,10.18,Yuvitza.Davila,17/04/2025,,,,9.2
JES-25-113,676070,97.6,99.125,1.53,1,,ALS,PIL-087,HE25108554 - Finalized,10/04/2025,Chips_QuarterSplit,10.615,Yuvitza.Davila,17/04/2025,,,,10.63
JES-25-113,676071,99.125,100.65,1.53,1,,ALS,PIL-087,HE25108554 - Finalized,10/04/2025,Chips_QuarterSplit,7.505,Yuvitza.Davila,17/04/2025,,,,7.5
JES-25-113,676073,100.65,102.175,1.52,1,,ALS,PIL-087,HE25108554 - Finalized,10/04/2025,Chips_QuarterSplit,7.76,Yuvitza.Davila,17/04/2025,,,,7.76
JES-25-113,676074,102.175,103.7,1.53,1,,ALS,PIL-087,HE25108554 - Finalized,10/04/2025,Chips_QuarterSplit,10.625,Yuvitza.Davila,17/04/2025,,,,10.65
JES-25-113,676075,103.7,105.225,1.52,1,,ALS,PIL-087,HE25108554 - Finalized,10/04/2025,Chips_QuarterSplit,6.935,Yuvitza.Davila,17/04/2025,,,,6.94
JES-25-113,676076,105.225,106.75,1.53,1,,ALS,PIL-087,HE25108554 - Finalized,10/04/2025,Chips_QuarterSplit,12.12,Yuvitza.Davila,17/04/2025,,,,12.13
JES-25-113,676077,106.75,108.275,1.53,1,,ALS,PIL-087,HE25108554 - Finalized,10/04/2025,Chips_QuarterSplit,10.43,Yuvitza.Davila,17/04/2025,,,,10.46
JES-25-113,676078,108.275,109.8,1.52,1,,ALS,PIL-087,HE25108554 - Finalized,10/04/2025,Chips_QuarterSplit,9.93,Yuvitza.Davila,17/04/2025,,,,9.94
JES-25-113,676079,109.8,111.325,1.53,1,,ALS,PIL-087,HE25108554 - Finalized,10/04/2025,Chips_QuarterSplit,12.93,Yuvitza.Davila,17/04/2025,,,,12.94
JES-25-113,676080,111.325,112.85,1.52,1,,ALS,PIL-087,HE25108554 - Finalized,10/04/2025,Chips_QuarterSplit,10.96,Yuvitza.Davila,17/04/2025,,,,10.97
JES-25-113,676081,112.85,114.375,1.53,1,,ALS,PIL-087,HE25108554 - Finalized,10/04/2025,Chips_QuarterSplit,11.28,Yuvitza.Davila,17/04/2025,,,,11.29
JES-25-113,676082,114.375,115.9,1.53,1,,ALS,PIL-087,HE25108554 - Finalized,10/04/2025,Chips_QuarterSplit,11.165,Yuvitza.Davila,17/04/2025,,,,11.17
JES-25-113,676083,115.9,117.425,1.52,1,,ALS,PIL-087,HE25108554 - Finalized,10/04/2025,Chips_QuarterSplit,8.08,Yuvitza.Davila,17/04/2025,,,,8.08
JES-25-113,676084,117.425,118.95,1.53,1,,ALS,PIL-087,HE25108554 - Finalized,10/04/2025,Chips_QuarterSplit,14.06,Yuvitza.Davila,17/04/2025,,,,14.08
JES-25-113,676085,118.95,120.475,1.52,1,,ALS,PIL-087,HE25108554 - Finalized,10/04/2025,Chips_QuarterSplit,13.42,Yuvitza.Davila,17/04/2025,,,,13.43
JES-25-113,676086,120.475,122,1.53,1,,ALS,PIL-087,HE25108554 - Finalized,10/04/2025,Chips_QuarterSplit,13.105,Yuvitza.Davila,17/04/2025,,,,13.1
JES-25-113,676087,122,123.525,1.53,1,,ALS,PIL-087,HE25108554 - Finalized,10/04/2025,Chips_QuarterSplit,7.375,Yuvitza.Davila,17/04/2025,,,,7.38
JES-25-113,676088,123.525,125.05,1.52,1,,ALS,PIL-087,HE25108554 - Finalized,10/04/2025,Chips_QuarterSplit,7.515,Yuvitza.Davila,17/04/2025,,,,7.52
JES-25-113,676089,125.05,126.575,1.53,1,,ALS,PIL-087,HE25108554 - Finalized,10/04/2025,Chips_QuarterSplit,7.74,Yuvitza.Davila,17/04/2025,,,,7.74
JES-25-113,676090,126.575,128.1,1.52,1,,ALS,PIL-087,HE25108554 - Finalized,10/04/2025,Chips_QuarterSplit,13.69,Yuvitza.Davila,17/04/2025,,,,13.71
JES-25-113,676091,128.1,129.625,1.53,1,,ALS,PIL-087,HE25108554 - Finalized,10/04/2025,Chips_QuarterSplit,7.725,Yuvitza.Davila,17/04/2025,,,,7.74
JES-25-113,676092,129.625,131.15,1.53,1,,ALS,PIL-087,HE25108554 - Finalized,10/04/2025,Chips_QuarterSplit,11.18,Yuvitza.Davila,17/04/2025,,,,10.39
JES-25-113,676093,131.15,132.675,1.53,1,,ALS,PIL-087,HE25108554 - Finalized,10/04/2025,Chips_QuarterSplit,2.81,Yuvitza.Davila,17/04/2025,,,,2.65
JES-25-113,676095,132.675,134.2,1.52,1,,ALS,PIL-087,HE25108554 - Finalized,10/04/2025,Chips_QuarterSplit,11.16,Yuvitza.Davila,17/04/2025,,,,10.3
JES-25-113,676096,134.2,135.725,1.53,1,,ALS,PIL-087,HE25108554 - Finalized,10/04/2025,Chips_QuarterSplit,8.905,Yuvitza.Davila,17/04/2025,,,,8.85
JES-25-113,676097,135.725,137.25,1.53,1,,ALS,PIL-087,HE25108554 - Finalized,10/04/2025,Chips_QuarterSplit,12.745,Yuvitza.Davila,17/04/2025,,,,11.75
JES-25-114,676102,0,1.525,1.53,1,,ALS,PIL-088,HE25108556 - Finalized,13/04/2025,Chips_QuarterSplit,1.445,Yuvitza.Davila,13/04/2025,,,,1.45
JES-25-114,676103,1.525,3.05,1.53,1,,ALS,PIL-088,HE25108556 - Finalized,13/04/2025,Chips_QuarterSplit,1.605,Yuvitza.Davila,13/04/2025,,,,1.6
JES-25-114,676104,3.05,4.575,1.53,1,,ALS,PIL-088,HE25108556 - Finalized,13/04/2025,Chips_QuarterSplit,5.415,Yuvitza.Davila,13/04/2025,,,,5.43
JES-25-114,676105,4.575,6.1,1.53,1,,ALS,PIL-088,HE25108556 - Finalized,13/04/2025,Chips_QuarterSplit,5.05,Yuvitza.Davila,13/04/2025,,,,5.06
JES-25-114,676106,6.1,7.625,1.53,1,,ALS,PIL-088,HE25108556 - Finalized,13/04/2025,Chips_QuarterSplit,5.23,Yuvitza.Davila,13/04/2025,,,,5.24
JES-25-114,676107,7.625,9.15,1.53,1,,ALS,PIL-088,HE25108556 - Finalized,13/04/2025,Chips_QuarterSplit,14.495,Yuvitza.Davila,13/04/2025,,,,14.53
JES-25-114,676108,9.15,10.675,1.53,1,,ALS,PIL-088,HE25108556 - Finalized,13/04/2025,Chips_QuarterSplit,11.77,Yuvitza.Davila,13/04/2025,,,,11.8
JES-25-114,676109,10.675,12.2,1.53,1,,ALS,PIL-088,HE25108556 - Finalized,13/04/2025,Chips_QuarterSplit,9.36,Yuvitza.Davila,13/04/2025,,,,9.4
JES-25-114,676110,12.2,13.725,1.53,1,,ALS,PIL-088,HE25108556 - Finalized,13/04/2025,Chips_QuarterSplit,14.97,Yuvitza.Davila,13/04/2025,,,,15.03
JES-25-114,676111,13.725,15.25,1.53,1,,ALS,PIL-088,HE25108556 - Finalized,13/04/2025,Chips_QuarterSplit,7.92,Yuvitza.Davila,13/04/2025,,,,7.95
JES-25-114,676112,15.25,16.775,1.53,1,,ALS,PIL-088,HE25108556 - Finalized,13/04/2025,Chips_QuarterSplit,10.83,Yuvitza.Davila,13/04/2025,,,,10.86
JES-25-114,676113,16.775,18.3,1.53,1,,ALS,PIL-088,HE25108556 - Finalized,13/04/2025,Chips_QuarterSplit,9.595,Yuvitza.Davila,13/04/2025,,,,9.62
JES-25-114,676114,18.3,19.825,1.53,1,,ALS,PIL-088,HE25108556 - Finalized,13/04/2025,Chips_QuarterSplit,10.03,Yuvitza.Davila,13/04/2025,,,,10.05
JES-25-114,676115,19.825,21.35,1.53,1,,ALS,PIL-088,HE25108556 - Finalized,13/04/2025,Chips_QuarterSplit,8.79,Yuvitza.Davila,13/04/2025,,,,8.83
JES-25-114,676117,21.35,22.875,1.53,1,,ALS,PIL-088,HE25108556 - Finalized,13/04/2025,Chips_QuarterSplit,8.21,Yuvitza.Davila,13/04/2025,,,,8.23
JES-25-114,676118,22.875,24.4,1.53,1,,ALS,PIL-088,HE25108556 - Finalized,13/04/2025,Chips_QuarterSplit,8.225,Yuvitza.Davila,13/04/2025,,,,8.26
JES-25-114,676119,24.4,25.925,1.53,1,,ALS,PIL-088,HE25108556 - Finalized,13/04/2025,Chips_QuarterSplit,7.407,Yuvitza.Davila,13/04/2025,,,,7.48
JES-25-114,676120,25.925,27.45,1.53,1,,ALS,PIL-088,HE25108556 - Finalized,13/04/2025,Chips_QuarterSplit,9.775,Yuvitza.Davila,13/04/2025,,,,9.82
JES-25-114,676121,27.45,28.975,1.53,1,,ALS,PIL-088,HE25108556 - Finalized,13/04/2025,Chips_QuarterSplit,7.15,Yuvitza.Davila,13/04/2025,,,,7.16
JES-25-114,676122,28.975,30.5,1.53,1,,ALS,PIL-088,HE25108556 - Finalized,13/04/2025,Chips_QuarterSplit,9.045,Yuvitza.Davila,13/04/2025,,,,9.07
JES-25-114,676123,30.5,32.025,1.53,1,,ALS,PIL-088,HE25108556 - Finalized,13/04/2025,Chips_QuarterSplit,9.4,Yuvitza.Davila,13/04/2025,,,,9.41
JES-25-114,676124,32.025,33.55,1.53,1,,ALS,PIL-088,HE25108556 - Finalized,13/04/2025,Chips_QuarterSplit,8.38,Yuvitza.Davila,13/04/2025,,,,8.4
JES-25-114,676125,33.55,35.075,1.53,1,,ALS,PIL-088,HE25108556 - Finalized,13/04/2025,Chips_QuarterSplit,8.67,Yuvitza.Davila,13/04/2025,,,,8.67
JES-25-114,676126,35.075,36.6,1.53,1,,ALS,PIL-088,HE25108556 - Finalized,13/04/2025,Chips_QuarterSplit,8.28,Yuvitza.Davila,13/04/2025,,,,8.31
JES-25-114,676127,36.6,38.125,1.53,1,,ALS,PIL-088,HE25108556 - Finalized,13/04/2025,Chips_QuarterSplit,8.325,Yuvitza.Davila,13/04/2025,,,,8.35
JES-25-114,676128,38.125,39.65,1.53,1,,ALS,PIL-088,HE25108556 - Finalized,13/04/2025,Chips_QuarterSplit,7.91,Yuvitza.Davila,13/04/2025,,,,7.92
JES-25-114,676129,39.65,41.175,1.53,1,,ALS,PIL-088,HE25108556 - Finalized,13/04/2025,Chips_QuarterSplit,8.575,Yuvitza.Davila,13/04/2025,,,,8.61
JES-25-114,676130,41.175,42.7,1.53,1,,ALS,PIL-088,HE25108556 - Finalized,13/04/2025,Chips_QuarterSplit,8.535,Yuvitza.Davila,13/04/2025,,,,8.55
JES-25-114,676131,42.7,44.225,1.53,1,,ALS,PIL-088,HE25108556 - Finalized,13/04/2025,Chips_QuarterSplit,10.3,Yuvitza.Davila,13/04/2025,,,,10.35
JES-25-114,676132,44.225,45.75,1.53,1,,ALS,PIL-088,HE25108556 - Finalized,13/04/2025,Chips_QuarterSplit,6.41,Yuvitza.Davila,13/04/2025,,,,6.44
JES-25-114,676133,45.75,47.275,1.53,1,,ALS,PIL-088,HE25108556 - Finalized,13/04/2025,Chips_QuarterSplit,7.305,Yuvitza.Davila,13/04/2025,,,,7.33
JES-25-114,676134,47.275,48.8,1.53,1,,ALS,PIL-088,HE25108556 - Finalized,13/04/2025,Chips_QuarterSplit,7.885,Yuvitza.Davila,13/04/2025,,,,7.91
JES-25-114,676135,48.8,50.325,1.53,1,,ALS,PIL-088,HE25108556 - Finalized,13/04/2025,Chips_QuarterSplit,9.61,Yuvitza.Davila,13/04/2025,,,,9.64
JES-25-114,676138,50.325,51.85,1.53,1,,ALS,PIL-088,HE25108556 - Finalized,13/04/2025,Chips_QuarterSplit,7.305,Yuvitza.Davila,13/04/2025,,,,7.33
JES-25-114,676139,51.85,53.375,1.53,1,,ALS,PIL-088,HE25108556 - Finalized,13/04/2025,Chips_QuarterSplit,8.705,Yuvitza.Davila,13/04/2025,,,,8.65
JES-25-114,676140,53.375,54.9,1.53,1,,ALS,PIL-088,HE25108556 - Finalized,13/04/2025,Chips_QuarterSplit,7.575,Yuvitza.Davila,13/04/2025,,,,7.6
JES-25-114,676141,54.9,56.425,1.53,1,,ALS,PIL-088,HE25108556 - Finalized,13/04/2025,Chips_QuarterSplit,8.92,Yuvitza.Davila,13/04/2025,,,,8.96
JES-25-114,676142,56.425,57.95,1.53,1,,ALS,PIL-088,HE25108556 - Finalized,13/04/2025,Chips_QuarterSplit,9.205,Yuvitza.Davila,13/04/2025,,,,9.24
JES-25-114,676143,57.95,59.475,1.53,1,,ALS,PIL-088,HE25108556 - Finalized,13/04/2025,Chips_QuarterSplit,8.075,Yuvitza.Davila,13/04/2025,,,,8.1
JES-25-114,676144,59.475,61,1.53,1,,ALS,PIL-088,HE25108556 - Finalized,13/04/2025,Chips_QuarterSplit,7.53,Yuvitza.Davila,13/04/2025,,,,7.57
JES-25-114,676145,61,62.525,1.53,1,,ALS,PIL-088,HE25108556 - Finalized,13/04/2025,Chips_QuarterSplit,7.15,Yuvitza.Davila,13/04/2025,,,,7.18
JES-25-114,676146,62.525,64.05,1.53,1,,ALS,PIL-088,HE25108556 - Finalized,13/04/2025,Chips_QuarterSplit,6.96,Yuvitza.Davila,13/04/2025,,,,7
JES-25-114,676147,64.05,65.575,1.53,1,,ALS,PIL-088,HE25108556 - Finalized,13/04/2025,Chips_QuarterSplit,7.21,Yuvitza.Davila,13/04/2025,,,,7.25
JES-25-114,676148,65.575,67.1,1.52,1,,ALS,PIL-088,HE25108556 - Finalized,13/04/2025,Chips_QuarterSplit,8.085,Yuvitza.Davila,13/04/2025,,,,8.11
JES-25-114,676149,67.1,68.625,1.53,1,,ALS,PIL-088,HE25108556 - Finalized,13/04/2025,Chips_QuarterSplit,8.985,Yuvitza.Davila,13/04/2025,,,,9.02
JES-25-114,676150,68.625,70.15,1.53,1,,ALS,PIL-088,HE25108556 - Finalized,13/04/2025,Chips_QuarterSplit,7.53,Yuvitza.Davila,13/04/2025,,,,7.57
JES-25-114,676151,70.15,71.675,1.52,1,,ALS,PIL-088,HE25108556 - Finalized,13/04/2025,Chips_QuarterSplit,7.95,Yuvitza.Davila,13/04/2025,,,,8
JES-25-114,676152,71.675,73.2,1.53,1,,ALS,PIL-088,HE25108556 - Finalized,13/04/2025,Chips_QuarterSplit,5.92,Yuvitza.Davila,13/04/2025,,,,5.96
JES-25-114,676153,73.2,74.725,1.52,1,,ALS,PIL-088,HE25108556 - Finalized,13/04/2025,Chips_QuarterSplit,8.425,Yuvitza.Davila,13/04/2025,,,,8.44
JES-25-114,676154,74.725,76.25,1.53,1,,ALS,PIL-088,HE25108556 - Finalized,13/04/2025,Chips_QuarterSplit,7.23,Yuvitza.Davila,13/04/2025,,,,7.27
JES-25-114,676156,76.25,77.775,1.53,1,,ALS,PIL-088,HE25108556 - Finalized,13/04/2025,Chips_QuarterSplit,8.87,Yuvitza.Davila,13/04/2025,,,,8.91
JES-25-114,676157,77.775,79.3,1.52,1,,ALS,PIL-088,HE25108556 - Finalized,13/04/2025,Chips_QuarterSplit,6.59,Yuvitza.Davila,13/04/2025,,,,6.63
JES-25-114,676158,79.3,80.825,1.53,1,,ALS,PIL-088,HE25108556 - Finalized,13/04/2025,Chips_QuarterSplit,6.865,Yuvitza.Davila,13/04/2025,,,,6.9
JES-25-114,676159,80.825,82.35,1.52,1,,ALS,PIL-088,HE25108556 - Finalized,13/04/2025,Chips_QuarterSplit,6.695,Yuvitza.Davila,13/04/2025,,,,6.73
JES-25-114,676160,82.35,83.875,1.53,1,,ALS,PIL-088,HE25108556 - Finalized,13/04/2025,Chips_QuarterSplit,7.925,Yuvitza.Davila,13/04/2025,,,,7.97
JES-25-114,676161,83.875,85.4,1.53,1,,ALS,PIL-088,HE25108556 - Finalized,13/04/2025,Chips_QuarterSplit,6.26,Yuvitza.Davila,13/04/2025,,,,6.3
JES-25-114,676162,85.4,86.925,1.52,1,,ALS,PIL-088,HE25108556 - Finalized,13/04/2025,Chips_QuarterSplit,8.965,Yuvitza.Davila,13/04/2025,,,,9.01
JES-25-114,676163,86.925,88.45,1.53,1,,ALS,PIL-088,HE25108556 - Finalized,13/04/2025,Chips_QuarterSplit,7.58,Yuvitza.Davila,13/04/2025,,,,7.62
JES-25-114,676164,88.45,89.975,1.52,1,,ALS,PIL-088,HE25108556 - Finalized,13/04/2025,Chips_QuarterSplit,8.88,Yuvitza.Davila,13/04/2025,,,,8.92
JES-25-114,676165,89.975,91.5,1.53,1,,ALS,PIL-088,HE25108556 - Finalized,13/04/2025,Chips_QuarterSplit,7.98,Yuvitza.Davila,13/04/2025,,,,8.01
JES-25-114,676166,91.5,93.025,1.53,1,,ALS,PIL-088,HE25108556 - Finalized,13/04/2025,Chips_QuarterSplit,10.885,Yuvitza.Davila,13/04/2025,,,,10.91
JES-25-114,676167,93.025,94.55,1.52,1,,ALS,PIL-088,HE25108556 - Finalized,13/04/2025,Chips_QuarterSplit,9.8,Yuvitza.Davila,13/04/2025,,,,9.82
JES-25-114,676168,94.55,96.075,1.53,1,,ALS,PIL-088,HE25108556 - Finalized,13/04/2025,Chips_QuarterSplit,9.02,Yuvitza.Davila,13/04/2025,,,,9.04
JES-25-114,676169,96.075,97.6,1.52,1,,ALS,PIL-088,HE25108556 - Finalized,13/04/2025,Chips_QuarterSplit,10.68,Yuvitza.Davila,13/04/2025,,,,10.7
JES-25-114,676170,97.6,99.125,1.53,1,,ALS,PIL-088,HE25108556 - Finalized,13/04/2025,Chips_QuarterSplit,6.88,Yuvitza.Davila,13/04/2025,,,,6.9
JES-25-114,676171,99.125,100.65,1.53,1,,ALS,PIL-088,HE25108556 - Finalized,13/04/2025,Chips_QuarterSplit,7.76,Yuvitza.Davila,13/04/2025,,,,7.77
JES-25-114,676173,100.65,102.175,1.52,1,,ALS,PIL-088,HE25108556 - Finalized,13/04/2025,Chips_QuarterSplit,7.45,Yuvitza.Davila,13/04/2025,,,,7.48
JES-25-114,676174,102.175,103.7,1.53,1,,ALS,PIL-088,HE25108556 - Finalized,13/04/2025,Chips_QuarterSplit,7.88,Yuvitza.Davila,13/04/2025,,,,7.9
JES-25-114,676175,103.7,105.225,1.52,1,,ALS,PIL-088,HE25108556 - Finalized,13/04/2025,Chips_QuarterSplit,8.25,Yuvitza.Davila,13/04/2025,,,,8.26
JES-25-114,676176,105.225,106.75,1.53,1,,ALS,PIL-088,HE25108556 - Finalized,13/04/2025,Chips_QuarterSplit,7.47,Yuvitza.Davila,13/04/2025,,,,7.47
JES-25-114,676177,106.75,108.275,1.53,1,,ALS,PIL-088,HE25108556 - Finalized,13/04/2025,Chips_QuarterSplit,5.405,Yuvitza.Davila,13/04/2025,,,,5.41
JES-25-114,676178,108.275,109.8,1.52,1,,ALS,PIL-088,HE25108556 - Finalized,13/04/2025,Chips_QuarterSplit,9.985,Yuvitza.Davila,13/04/2025,,,,10.01
JES-25-114,676179,109.8,111.325,1.53,1,,ALS,PIL-088,HE25108556 - Finalized,13/04/2025,Chips_QuarterSplit,6,Yuvitza.Davila,13/04/2025,,,,6.01
JES-25-114,676180,111.325,112.85,1.52,1,,ALS,PIL-088,HE25108556 - Finalized,13/04/2025,Chips_QuarterSplit,7.29,Yuvitza.Davila,13/04/2025,,,,7.29
JES-25-114,676181,112.85,114.375,1.53,1,,ALS,PIL-088,HE25108556 - Finalized,13/04/2025,Chips_QuarterSplit,7.22,Yuvitza.Davila,13/04/2025,,,,7.23
JES-25-114,676182,114.375,115.9,1.53,1,,ALS,PIL-088,HE25108556 - Finalized,13/04/2025,Chips_QuarterSplit,7.675,Yuvitza.Davila,13/04/2025,,,,7.68
JES-25-114,676183,115.9,117.425,1.52,1,,ALS,PIL-088,HE25108556 - Finalized,13/04/2025,Chips_QuarterSplit,10.96,Yuvitza.Davila,13/04/2025,,,,10.98
JES-25-114,676184,117.425,118.95,1.53,1,,ALS,PIL-088,HE25108556 - Finalized,13/04/2025,Chips_QuarterSplit,9.215,Yuvitza.Davila,13/04/2025,,,,9.24
JES-25-114,676185,118.95,120.475,1.52,1,,ALS,PIL-088,HE25108556 - Finalized,13/04/2025,Chips_QuarterSplit,7.665,Yuvitza.Davila,13/04/2025,,,,7.68
JES-25-114,676186,120.475,122,1.53,1,,ALS,PIL-088,HE25108556 - Finalized,13/04/2025,Chips_QuarterSplit,8.165,Yuvitza.Davila,13/04/2025,,,,8.17
JES-25-114,676187,122,123.525,1.53,1,,ALS,PIL-088,HE25108556 - Finalized,13/04/2025,Chips_QuarterSplit,9.98,Yuvitza.Davila,13/04/2025,,,,9.9
JES-25-114,676188,123.525,125.05,1.52,1,,ALS,PIL-088,HE25108556 - Finalized,13/04/2025,Chips_QuarterSplit,8.095,Yuvitza.Davila,13/04/2025,,,,8.11
JES-25-114,676189,125.05,126.575,1.53,1,,ALS,PIL-088,HE25108556 - Finalized,13/04/2025,Chips_QuarterSplit,8.12,Yuvitza.Davila,13/04/2025,,,,8.13
JES-25-114,676190,126.575,128.1,1.52,1,,ALS,PIL-088,HE25108556 - Finalized,13/04/2025,Chips_QuarterSplit,10.72,Yuvitza.Davila,13/04/2025,,,,10.68
JES-25-114,676191,128.1,129.625,1.53,1,,ALS,PIL-088,HE25108556 - Finalized,13/04/2025,Chips_QuarterSplit,10.79,Yuvitza.Davila,13/04/2025,,,,10.8
JES-25-114,676192,129.625,131.15,1.53,1,,ALS,PIL-088,HE25108556 - Finalized,13/04/2025,Chips_QuarterSplit,8.695,Yuvitza.Davila,13/04/2025,,,,8.72
JES-25-114,676193,131.15,132.675,1.53,1,,ALS,PIL-088,HE25108556 - Finalized,13/04/2025,Chips_QuarterSplit,6.97,Yuvitza.Davila,13/04/2025,,,,6.99
JES-25-114,676195,132.675,134.2,1.52,1,,ALS,PIL-088,HE25108556 - Finalized,13/04/2025,Chips_QuarterSplit,9.795,Yuvitza.Davila,13/04/2025,,,,9.83
JES-25-114,676196,134.2,135.725,1.53,1,,ALS,PIL-088,HE25108556 - Finalized,13/04/2025,Chips_QuarterSplit,6.485,Yuvitza.Davila,13/04/2025,,,,6.53
JES-25-114,676197,135.725,137.25,1.53,1,,ALS,PIL-088,HE25108556 - Finalized,13/04/2025,Chips_QuarterSplit,9.39,Yuvitza.Davila,13/04/2025,,,,9.43
JES-25-114,676198,137.25,138.775,1.53,1,,ALS,PIL-088,HE25108556 - Finalized,13/04/2025,Chips_QuarterSplit,10.25,Yuvitza.Davila,13/04/2025,,,,10.29
JES-25-114,676199,138.775,140.3,1.53,1,,ALS,PIL-088,HE25108556 - Finalized,13/04/2025,Chips_QuarterSplit,4.89,Yuvitza.Davila,13/04/2025,,,,4.9
JES-25-114,676200,140.3,141.825,1.52,1,,ALS,PIL-088,HE25108556 - Finalized,13/04/2025,Chips_QuarterSplit,5.02,Yuvitza.Davila,13/04/2025,,,,5.03
JES-25-114,676201,141.825,143.35,1.53,1,,ALS,PIL-088,HE25108556 - Finalized,13/04/2025,Chips_QuarterSplit,7.3,Yuvitza.Davila,13/04/2025,,,,7.32
JES-25-114,676202,143.35,144.875,1.53,1,,ALS,PIL-088,HE25108556 - Finalized,13/04/2025,Chips_QuarterSplit,5.095,Yuvitza.Davila,13/04/2025,,,,5.1
JES-25-114,676203,144.875,146.4,1.53,1,,ALS,PIL-088,HE25108556 - Finalized,13/04/2025,Chips_QuarterSplit,6.67,Yuvitza.Davila,13/04/2025,,,,6.69
JES-25-114,676204,146.4,147.925,1.53,1,,ALS,PIL-088,HE25108556 - Finalized,13/04/2025,Chips_QuarterSplit,5.425,Yuvitza.Davila,13/04/2025,,,,5.44
JES-25-114,676205,147.925,149.45,1.52,1,,ALS,PIL-088,HE25108556 - Finalized,13/04/2025,Chips_QuarterSplit,5.475,Yuvitza.Davila,13/04/2025,,,,5.48
JES-25-114,676206,149.45,150.975,1.53,1,,ALS,PIL-088,HE25108556 - Finalized,13/04/2025,Chips_QuarterSplit,8.06,Yuvitza.Davila,13/04/2025,,,,8.08
JES-25-114,676207,150.975,152.5,1.53,1,,ALS,PIL-088,HE25108556 - Finalized,13/04/2025,Chips_QuarterSplit,6.8,Yuvitza.Davila,13/04/2025,,,,6.82
JES-25-114,676208,152.5,154.025,1.53,1,,ALS,PIL-088,HE25108556 - Finalized,13/04/2025,Chips_QuarterSplit,8.055,Yuvitza.Davila,13/04/2025,,,,8.06
JES-25-114,676210,154.025,155.55,1.53,1,,ALS,PIL-088,HE25108556 - Finalized,13/04/2025,Chips_QuarterSplit,8.35,Yuvitza.Davila,13/04/2025,,,,8.37
JES-25-114,676211,155.55,157.075,1.52,1,,ALS,PIL-088,HE25108556 - Finalized,13/04/2025,Chips_QuarterSplit,8.2,Yuvitza.Davila,13/04/2025,,,,8.22
JES-25-114,676212,157.075,158.6,1.53,1,,ALS,PIL-088,HE25108556 - Finalized,13/04/2025,Chips_QuarterSplit,6.82,Yuvitza.Davila,13/04/2025,,,,6.84
JES-25-114,676213,158.6,160.125,1.53,1,,ALS,PIL-088,HE25108556 - Finalized,13/04/2025,Chips_QuarterSplit,6.165,Yuvitza.Davila,13/04/2025,,,,6.18
JES-25-114,676214,160.125,161.65,1.53,1,,ALS,PIL-088,HE25108556 - Finalized,13/04/2025,Chips_QuarterSplit,6.82,Yuvitza.Davila,13/04/2025,,,,6.78
JES-25-114,676215,161.65,163.175,1.53,1,,ALS,PIL-088,HE25108556 - Finalized,13/04/2025,Chips_QuarterSplit,7.48,Yuvitza.Davila,13/04/2025,,,,7.49
JES-25-114,676216,163.175,164.7,1.52,1,,ALS,PIL-088,HE25108556 - Finalized,13/04/2025,Chips_QuarterSplit,5.145,Yuvitza.Davila,13/04/2025,,,,5.15
JES-25-115,676221,0,1.525,1.53,1,,ALS,PIL-089,HE25108557 - Finalized,14/04/2025,Chips_QuarterSplit,2.07,Yuvitza.Davila,14/04/2025,,,,2.03
JES-25-115,676222,1.525,3.05,1.53,1,,ALS,PIL-089,HE25108557 - Finalized,14/04/2025,Chips_QuarterSplit,3.08,Yuvitza.Davila,14/04/2025,,,,3.05
JES-25-115,676223,3.05,4.575,1.53,1,,ALS,PIL-089,HE25108557 - Finalized,14/04/2025,Chips_QuarterSplit,1.645,Yuvitza.Davila,14/04/2025,,,,1.61
JES-25-115,676224,4.575,6.1,1.53,1,,ALS,PIL-089,HE25108557 - Finalized,14/04/2025,Chips_QuarterSplit,9.42,Yuvitza.Davila,14/04/2025,,,,9.4
JES-25-115,676225,6.1,7.625,1.53,1,,ALS,PIL-089,HE25108557 - Finalized,14/04/2025,Chips_QuarterSplit,8.14,Yuvitza.Davila,14/04/2025,,,,8.13
JES-25-115,676226,7.625,9.15,1.53,1,,ALS,PIL-089,HE25108557 - Finalized,14/04/2025,Chips_QuarterSplit,6.675,Yuvitza.Davila,14/04/2025,,,,6.65
JES-25-115,676227,9.15,10.675,1.53,1,,ALS,PIL-089,HE25108557 - Finalized,14/04/2025,Chips_QuarterSplit,8.44,Yuvitza.Davila,14/04/2025,,,,8.42
JES-25-115,676228,10.675,12.2,1.53,1,,ALS,PIL-089,HE25108557 - Finalized,14/04/2025,Chips_QuarterSplit,6.545,Yuvitza.Davila,14/04/2025,,,,6.52
JES-25-115,676229,12.2,13.725,1.53,1,,ALS,PIL-089,HE25108557 - Finalized,14/04/2025,Chips_QuarterSplit,6.165,Yuvitza.Davila,14/04/2025,,,,6.15
JES-25-115,676230,13.725,15.25,1.53,1,,ALS,PIL-089,HE25108557 - Finalized,14/04/2025,Chips_QuarterSplit,8.91,Yuvitza.Davila,14/04/2025,,,,8.89
JES-25-115,676231,15.25,16.775,1.53,1,,ALS,PIL-089,HE25108557 - Finalized,14/04/2025,Chips_QuarterSplit,7.545,Yuvitza.Davila,14/04/2025,,,,7.52
JES-25-115,676232,16.775,18.3,1.53,1,,ALS,PIL-089,HE25108557 - Finalized,14/04/2025,Chips_QuarterSplit,7.96,Yuvitza.Davila,14/04/2025,,,,7.93
JES-25-115,676233,18.3,19.825,1.53,1,,ALS,PIL-089,HE25108557 - Finalized,14/04/2025,Chips_QuarterSplit,7.39,Yuvitza.Davila,14/04/2025,,,,7.35
JES-25-115,676234,19.825,21.35,1.53,1,,ALS,PIL-089,HE25108557 - Finalized,14/04/2025,Chips_QuarterSplit,8.595,Yuvitza.Davila,14/04/2025,,,,8.58
JES-25-115,676236,21.35,22.875,1.53,1,,ALS,PIL-089,HE25108557 - Finalized,14/04/2025,Chips_QuarterSplit,8.27,Yuvitza.Davila,14/04/2025,,,,8.26
JES-25-115,676237,22.875,24.4,1.53,1,,ALS,PIL-089,HE25108557 - Finalized,14/04/2025,Chips_QuarterSplit,9.535,Yuvitza.Davila,14/04/2025,,,,9.52
JES-25-115,676238,24.4,25.925,1.53,1,,ALS,PIL-089,HE25108557 - Finalized,14/04/2025,Chips_QuarterSplit,7.965,Yuvitza.Davila,14/04/2025,,,,7.95
JES-25-115,676239,25.925,27.45,1.53,1,,ALS,PIL-089,HE25108557 - Finalized,14/04/2025,Chips_QuarterSplit,9.14,Yuvitza.Davila,14/04/2025,,,,9.12
JES-25-115,676240,27.45,28.975,1.53,1,,ALS,PIL-089,HE25108557 - Finalized,14/04/2025,Chips_QuarterSplit,8.755,Yuvitza.Davila,14/04/2025,,,,8.74
JES-25-115,676241,28.975,30.5,1.53,1,,ALS,PIL-089,HE25108557 - Finalized,14/04/2025,Chips_QuarterSplit,7.175,Yuvitza.Davila,14/04/2025,,,,7.2
JES-25-115,676242,30.5,32.025,1.53,1,,ALS,PIL-089,HE25108557 - Finalized,14/04/2025,Chips_QuarterSplit,8.7,Yuvitza.Davila,14/04/2025,,,,8.71
JES-25-115,676243,32.025,33.55,1.53,1,,ALS,PIL-089,HE25108557 - Finalized,14/04/2025,Chips_QuarterSplit,6.67,Yuvitza.Davila,14/04/2025,,,,6.67
JES-25-115,676244,33.55,35.075,1.53,1,,ALS,PIL-089,HE25108557 - Finalized,14/04/2025,Chips_QuarterSplit,8.83,Yuvitza.Davila,14/04/2025,,,,8.84
JES-25-115,676245,35.075,36.6,1.53,1,,ALS,PIL-089,HE25108557 - Finalized,14/04/2025,Chips_QuarterSplit,6.78,Yuvitza.Davila,14/04/2025,,,,6.79
JES-25-115,676246,36.6,38.125,1.53,1,,ALS,PIL-089,HE25108557 - Finalized,14/04/2025,Chips_QuarterSplit,8.785,Yuvitza.Davila,14/04/2025,,,,8.79
JES-25-115,676247,38.125,39.65,1.53,1,,ALS,PIL-089,HE25108557 - Finalized,14/04/2025,Chips_QuarterSplit,8.69,Yuvitza.Davila,14/04/2025,,,,8.72
JES-25-115,676248,39.65,41.175,1.53,1,,ALS,PIL-089,HE25108557 - Finalized,14/04/2025,Chips_QuarterSplit,7.8,Yuvitza.Davila,14/04/2025,,,,7.81
JES-25-115,676249,41.175,42.7,1.53,1,,ALS,PIL-089,HE25108557 - Finalized,14/04/2025,Chips_QuarterSplit,8.82,Yuvitza.Davila,14/04/2025,,,,8.83
JES-25-115,676250,42.7,44.225,1.53,1,,ALS,PIL-089,HE25108557 - Finalized,14/04/2025,Chips_QuarterSplit,6.635,Yuvitza.Davila,14/04/2025,,,,6.64
JES-25-115,676251,44.225,45.75,1.53,1,,ALS,PIL-089,HE25108557 - Finalized,14/04/2025,Chips_QuarterSplit,8.82,Yuvitza.Davila,14/04/2025,,,,8.83
JES-25-115,676252,45.75,47.275,1.53,1,,ALS,PIL-089,HE25108557 - Finalized,14/04/2025,Chips_QuarterSplit,6.075,Yuvitza.Davila,14/04/2025,,,,6.07
JES-25-115,676253,47.275,48.8,1.53,1,,ALS,PIL-089,HE25108557 - Finalized,14/04/2025,Chips_QuarterSplit,7.305,Yuvitza.Davila,14/04/2025,,,,7.3
JES-25-115,676254,48.8,50.325,1.53,1,,ALS,PIL-089,HE25108557 - Finalized,14/04/2025,Chips_QuarterSplit,7.085,Yuvitza.Davila,14/04/2025,,,,7.09
JES-25-115,676257,50.325,51.85,1.53,1,,ALS,PIL-089,HE25108557 - Finalized,14/04/2025,Chips_QuarterSplit,7.015,Yuvitza.Davila,14/04/2025,,,,7.02
JES-25-115,676258,51.85,53.375,1.53,1,,ALS,PIL-089,HE25108557 - Finalized,14/04/2025,Chips_QuarterSplit,8.135,Yuvitza.Davila,14/04/2025,,,,8.15
JES-25-115,676259,53.375,54.9,1.53,1,,ALS,PIL-089,HE25108557 - Finalized,14/04/2025,Chips_QuarterSplit,5.665,Yuvitza.Davila,14/04/2025,,,,5.67
JES-25-115,676260,54.9,56.425,1.53,1,,ALS,PIL-089,HE25108557 - Finalized,14/04/2025,Chips_QuarterSplit,6.765,Yuvitza.Davila,14/04/2025,,,,6.77
JES-25-115,676261,56.425,57.95,1.53,1,,ALS,PIL-089,HE25108557 - Finalized,14/04/2025,Chips_QuarterSplit,5.51,Yuvitza.Davila,14/04/2025,,,,5.51
JES-25-115,676262,57.95,59.475,1.53,1,,ALS,PIL-089,HE25108557 - Finalized,14/04/2025,Chips_QuarterSplit,5.825,Yuvitza.Davila,14/04/2025,,,,5.84
JES-25-115,676263,59.475,61,1.53,1,,ALS,PIL-089,HE25108557 - Finalized,14/04/2025,Chips_QuarterSplit,6.98,Yuvitza.Davila,14/04/2025,,,,7.01
JES-25-115,676264,61,62.525,1.53,1,,ALS,PIL-089,HE25108557 - Finalized,14/04/2025,Chips_QuarterSplit,5.83,Yuvitza.Davila,14/04/2025,,,,5.83
JES-25-115,676265,62.525,64.05,1.53,1,,ALS,PIL-089,HE25108557 - Finalized,14/04/2025,Chips_QuarterSplit,5.62,Yuvitza.Davila,14/04/2025,,,,5.63
JES-25-115,676266,64.05,65.575,1.53,1,,ALS,PIL-089,HE25108557 - Finalized,14/04/2025,Chips_QuarterSplit,6.155,Yuvitza.Davila,14/04/2025,,,,6.15
JES-25-115,676267,65.575,67.1,1.52,1,,ALS,PIL-089,HE25108557 - Finalized,14/04/2025,Chips_QuarterSplit,8,Yuvitza.Davila,14/04/2025,,,,8.01
JES-25-115,676268,67.1,68.625,1.53,1,,ALS,PIL-089,HE25108557 - Finalized,14/04/2025,Chips_QuarterSplit,6.69,Yuvitza.Davila,14/04/2025,,,,6.69
JES-25-115,676269,68.625,70.15,1.53,1,,ALS,PIL-089,HE25108557 - Finalized,14/04/2025,Chips_QuarterSplit,7.57,Yuvitza.Davila,14/04/2025,,,,7.58
JES-25-115,676270,70.15,71.675,1.52,1,,ALS,PIL-089,HE25108557 - Finalized,14/04/2025,Chips_QuarterSplit,7.63,Yuvitza.Davila,14/04/2025,,,,7.64
JES-25-115,676271,71.675,73.2,1.53,1,,ALS,PIL-089,HE25108557 - Finalized,14/04/2025,Chips_QuarterSplit,9.25,Yuvitza.Davila,14/04/2025,,,,9.28
JES-25-115,676272,73.2,74.725,1.52,1,,ALS,PIL-089,HE25108557 - Finalized,14/04/2025,Chips_QuarterSplit,8.7,Yuvitza.Davila,14/04/2025,,,,8.72
JES-25-115,676273,74.725,76.25,1.53,1,,ALS,PIL-089,HE25108557 - Finalized,14/04/2025,Chips_QuarterSplit,7.67,Yuvitza.Davila,14/04/2025,,,,7.68
JES-25-115,676275,76.25,77.775,1.53,1,,ALS,PIL-089,HE25108557 - Finalized,14/04/2025,Chips_QuarterSplit,7.595,Yuvitza.Davila,14/04/2025,,,,7.6
JES-25-115,676276,77.775,79.3,1.52,1,,ALS,PIL-089,HE25108557 - Finalized,14/04/2025,Chips_QuarterSplit,7.12,Yuvitza.Davila,14/04/2025,,,,7.15
JES-25-115,676277,79.3,80.825,1.53,1,,ALS,PIL-089,HE25108557 - Finalized,14/04/2025,Chips_QuarterSplit,6.255,Yuvitza.Davila,14/04/2025,,,,6.26
JES-25-115,676278,80.825,82.35,1.52,1,,ALS,PIL-089,HE25108557 - Finalized,14/04/2025,Chips_QuarterSplit,8.34,Yuvitza.Davila,14/04/2025,,,,8.36
JES-25-115,676279,82.35,83.875,1.53,1,,ALS,PIL-089,HE25108557 - Finalized,14/04/2025,Chips_QuarterSplit,6.515,Yuvitza.Davila,14/04/2025,,,,6.83
JES-25-115,676280,83.875,85.4,1.53,1,,ALS,PIL-089,HE25108557 - Finalized,14/04/2025,Chips_QuarterSplit,8.03,Yuvitza.Davila,14/04/2025,,,,8.05
JES-25-115,676281,85.4,86.925,1.52,1,,ALS,PIL-089,HE25108557 - Finalized,14/04/2025,Chips_QuarterSplit,6.515,Yuvitza.Davila,14/04/2025,,,,6.54
JES-25-115,676282,86.925,88.45,1.53,1,,ALS,PIL-089,HE25108557 - Finalized,14/04/2025,Chips_QuarterSplit,7.545,Yuvitza.Davila,14/04/2025,,,,7.57
JES-25-115,676283,88.45,89.975,1.52,1,,ALS,PIL-089,HE25108557 - Finalized,14/04/2025,Chips_QuarterSplit,6.56,Yuvitza.Davila,14/04/2025,,,,6.58
JES-25-115,676284,89.975,91.5,1.53,1,,ALS,PIL-089,HE25108557 - Finalized,14/04/2025,Chips_QuarterSplit,7.39,Yuvitza.Davila,14/04/2025,,,,7.42
JES-25-115,676285,91.5,93.025,1.53,1,,ALS,PIL-089,HE25108557 - Finalized,14/04/2025,Chips_QuarterSplit,8.33,Yuvitza.Davila,14/04/2025,,,,8.35
JES-25-115,676286,93.025,94.55,1.52,1,,ALS,PIL-089,HE25108557 - Finalized,14/04/2025,Chips_QuarterSplit,7.665,Yuvitza.Davila,14/04/2025,,,,7.69
JES-25-115,676287,94.55,96.075,1.53,1,,ALS,PIL-089,HE25108557 - Finalized,14/04/2025,Chips_QuarterSplit,7.35,Yuvitza.Davila,14/04/2025,,,,7.39
JES-25-115,676288,96.075,97.6,1.52,1,,ALS,PIL-089,HE25108557 - Finalized,14/04/2025,Chips_QuarterSplit,8.155,Yuvitza.Davila,14/04/2025,,,,8.19
JES-25-115,676289,97.6,99.125,1.53,1,,ALS,PIL-089,HE25108557 - Finalized,14/04/2025,Chips_QuarterSplit,6.485,Yuvitza.Davila,14/04/2025,,,,6.51
JES-25-115,676290,99.125,100.65,1.53,1,,ALS,PIL-089,HE25108557 - Finalized,14/04/2025,Chips_QuarterSplit,6.93,Yuvitza.Davila,14/04/2025,,,,6.96
JES-25-115,676292,100.65,102.175,1.52,1,,ALS,PIL-089,HE25108557 - Finalized,14/04/2025,Chips_QuarterSplit,8.89,Yuvitza.Davila,14/04/2025,,,,8.94
JES-25-115,676293,102.175,103.7,1.53,1,,ALS,PIL-089,HE25108557 - Finalized,14/04/2025,Chips_QuarterSplit,7.71,Yuvitza.Davila,14/04/2025,,,,7.74
JES-25-115,676294,103.7,105.225,1.52,1,,ALS,PIL-089,HE25108557 - Finalized,14/04/2025,Chips_QuarterSplit,6.475,Yuvitza.Davila,14/04/2025,,,,6.44
JES-25-115,676295,105.225,106.75,1.53,1,,ALS,PIL-089,HE25108557 - Finalized,14/04/2025,Chips_QuarterSplit,7.89,Yuvitza.Davila,14/04/2025,,,,7.99
JES-25-115,676296,106.75,108.275,1.53,1,,ALS,PIL-089,HE25108557 - Finalized,14/04/2025,Chips_QuarterSplit,6.725,Yuvitza.Davila,14/04/2025,,,,6.71
JES-25-115,676297,108.275,109.8,1.52,1,,ALS,PIL-089,HE25108557 - Finalized,14/04/2025,Chips_QuarterSplit,8.115,Yuvitza.Davila,14/04/2025,,,,8.13
JES-25-115,676298,109.8,111.325,1.53,1,,ALS,PIL-089,HE25108557 - Finalized,14/04/2025,Chips_QuarterSplit,7.825,Yuvitza.Davila,14/04/2025,,,,7.85
JES-25-115,676299,111.325,112.85,1.52,1,,ALS,PIL-089,HE25108557 - Finalized,14/04/2025,Chips_QuarterSplit,7.735,Yuvitza.Davila,14/04/2025,,,,7.74
JES-25-115,676300,112.85,114.375,1.53,1,,ALS,PIL-089,HE25108557 - Finalized,14/04/2025,Chips_QuarterSplit,8.95,Yuvitza.Davila,14/04/2025,,,,8.96
JES-25-115,676301,114.375,115.9,1.53,1,,ALS,PIL-089,HE25108557 - Finalized,14/04/2025,Chips_QuarterSplit,7.585,Yuvitza.Davila,14/04/2025,,,,7.6
JES-25-115,676302,115.9,117.425,1.52,1,,ALS,PIL-089,HE25108557 - Finalized,14/04/2025,Chips_QuarterSplit,6.705,Yuvitza.Davila,14/04/2025,,,,6.71
JES-25-115,676303,117.425,118.95,1.53,1,,ALS,PIL-089,HE25108557 - Finalized,14/04/2025,Chips_QuarterSplit,9.96,Yuvitza.Davila,14/04/2025,,,,9.98
JES-25-115,676304,118.95,120.475,1.52,1,,ALS,PIL-089,HE25108557 - Finalized,14/04/2025,Chips_QuarterSplit,9.1,Yuvitza.Davila,14/04/2025,,,,9.11
JES-25-115,676305,120.475,122,1.53,1,,ALS,PIL-089,HE25108557 - Finalized,14/04/2025,Chips_QuarterSplit,8.415,Yuvitza.Davila,14/04/2025,,,,8.43
JES-25-115,676306,122,123.525,1.53,1,,ALS,PIL-089,HE25108557 - Finalized,14/04/2025,Chips_QuarterSplit,9.18,Yuvitza.Davila,14/04/2025,,,,9.2
JES-25-115,676307,123.525,125.05,1.52,1,,ALS,PIL-089,HE25108557 - Finalized,14/04/2025,Chips_QuarterSplit,9.305,Yuvitza.Davila,14/04/2025,,,,9.32
JES-25-115,676308,125.05,126.575,1.53,1,,ALS,PIL-089,HE25108557 - Finalized,14/04/2025,Chips_QuarterSplit,8.165,Yuvitza.Davila,14/04/2025,,,,8.18
JES-25-115,676309,126.575,128.1,1.52,1,,ALS,PIL-089,HE25108557 - Finalized,14/04/2025,Chips_QuarterSplit,9.14,Yuvitza.Davila,14/04/2025,,,,9.15
JES-25-115,676310,128.1,129.625,1.53,1,,ALS,PIL-089,HE25108557 - Finalized,14/04/2025,Chips_QuarterSplit,6.905,Yuvitza.Davila,14/04/2025,,,,6.91
JES-25-115,676311,129.625,131.15,1.53,1,,ALS,PIL-089,HE25108557 - Finalized,14/04/2025,Chips_QuarterSplit,9.575,Yuvitza.Davila,14/04/2025,,,,9.58
JES-25-115,676312,131.15,132.675,1.53,1,,ALS,PIL-089,HE25108557 - Finalized,14/04/2025,Chips_QuarterSplit,7.875,Yuvitza.Davila,14/04/2025,,,,7.87
JES-25-115,676314,132.675,134.2,1.52,1,,ALS,PIL-089,HE25108557 - Finalized,14/04/2025,Chips_QuarterSplit,8.785,Yuvitza.Davila,14/04/2025,,,,8.79
JES-25-115,676315,134.2,135.725,1.53,1,,ALS,PIL-089,HE25108557 - Finalized,14/04/2025,Chips_QuarterSplit,8.77,Yuvitza.Davila,14/04/2025,,,,8.17
JES-25-115,676316,135.725,137.25,1.53,1,,ALS,PIL-089,HE25108557 - Finalized,14/04/2025,Chips_QuarterSplit,8.75,Yuvitza.Davila,14/04/2025,,,,8.76
JES-25-115,676317,137.25,138.775,1.53,1,,ALS,PIL-089,HE25108557 - Finalized,14/04/2025,Chips_QuarterSplit,8.04,Yuvitza.Davila,14/04/2025,,,,8.05
JES-25-115,676318,138.775,140.3,1.53,1,,ALS,PIL-089,HE25108557 - Finalized,14/04/2025,Chips_QuarterSplit,8.535,Yuvitza.Davila,14/04/2025,,,,8.55
JES-25-115,676319,140.3,141.825,1.52,1,,ALS,PIL-089,HE25108557 - Finalized,14/04/2025,Chips_QuarterSplit,7.83,Yuvitza.Davila,14/04/2025,,,,7.84
JES-25-115,676320,141.825,143.35,1.53,1,,ALS,PIL-089,HE25108557 - Finalized,14/04/2025,Chips_QuarterSplit,8.93,Yuvitza.Davila,14/04/2025,,,,8.96
JES-25-115,676321,143.35,144.875,1.53,1,,ALS,PIL-089,HE25108557 - Finalized,14/04/2025,Chips_QuarterSplit,9.805,Yuvitza.Davila,14/04/2025,,,,9.81
JES-25-115,676322,144.875,146.4,1.53,1,,ALS,PIL-089,HE25108557 - Finalized,14/04/2025,Chips_QuarterSplit,11.71,Yuvitza.Davila,14/04/2025,,,,11.72
JES-25-115,676323,146.4,147.925,1.53,1,,ALS,PIL-089,HE25108557 - Finalized,14/04/2025,Chips_QuarterSplit,8.855,Yuvitza.Davila,14/04/2025,,,,8.46
JES-25-115,676324,147.925,149.45,1.52,1,,ALS,PIL-089,HE25108557 - Finalized,14/04/2025,Chips_QuarterSplit,9.035,Yuvitza.Davila,14/04/2025,,,,9.05
JES-25-115,676325,149.45,150.975,1.53,1,,ALS,PIL-089,HE25108557 - Finalized,14/04/2025,Chips_QuarterSplit,10.455,Yuvitza.Davila,14/04/2025,,,,10.46
JES-25-116,676330,0,1.525,1.53,1,,ALS,PIL-090,HE25123306 - Finalized,17/04/2025,Chips_QuarterSplit,1.08,Yuvitza.Davila,17/04/2025,,,,1.08
JES-25-116,676331,1.525,3.05,1.53,1,,ALS,PIL-090,HE25123306 - Finalized,17/04/2025,Chips_QuarterSplit,2.475,Yuvitza.Davila,17/04/2025,,,,2.46
JES-25-116,676332,3.05,4.575,1.53,1,,ALS,PIL-090,HE25123306 - Finalized,17/04/2025,Chips_QuarterSplit,5.015,Yuvitza.Davila,17/04/2025,,,,5.02
JES-25-116,676333,4.575,6.1,1.53,1,,ALS,PIL-090,HE25123306 - Finalized,17/04/2025,Chips_QuarterSplit,4.555,Yuvitza.Davila,17/04/2025,,,,9.56
JES-25-116,676334,6.1,7.625,1.53,1,,ALS,PIL-090,HE25123306 - Finalized,17/04/2025,Chips_QuarterSplit,8.335,Yuvitza.Davila,17/04/2025,,,,8.34
JES-25-116,676335,7.625,9.15,1.53,1,,ALS,PIL-090,HE25123306 - Finalized,17/04/2025,Chips_QuarterSplit,10.295,Yuvitza.Davila,17/04/2025,,,,10.32
JES-25-116,676336,9.15,10.675,1.53,1,,ALS,PIL-090,HE25123306 - Finalized,17/04/2025,Chips_QuarterSplit,11.015,Yuvitza.Davila,17/04/2025,,,,11.02
JES-25-116,676337,10.675,12.2,1.53,1,,ALS,PIL-090,HE25123306 - Finalized,17/04/2025,Chips_QuarterSplit,10.935,Yuvitza.Davila,17/04/2025,,,,10.94
JES-25-116,676338,12.2,13.725,1.53,1,,ALS,PIL-090,HE25123306 - Finalized,17/04/2025,Chips_QuarterSplit,10.06,Yuvitza.Davila,17/04/2025,,,,10.08
JES-25-116,676339,13.725,15.25,1.53,1,,ALS,PIL-090,HE25123306 - Finalized,17/04/2025,Chips_QuarterSplit,11.555,Yuvitza.Davila,17/04/2025,,,,11.56
JES-25-116,676340,15.25,16.775,1.53,1,,ALS,PIL-090,HE25123306 - Finalized,17/04/2025,Chips_QuarterSplit,10.125,Yuvitza.Davila,17/04/2025,,,,10.12
JES-25-116,676341,16.775,18.3,1.53,1,,ALS,PIL-090,HE25123306 - Finalized,17/04/2025,Chips_QuarterSplit,9.81,Yuvitza.Davila,17/04/2025,,,,9.82
JES-25-116,676342,18.3,19.825,1.53,1,,ALS,PIL-090,HE25123306 - Finalized,17/04/2025,Chips_QuarterSplit,8.64,Yuvitza.Davila,17/04/2025,,,,8.64
JES-25-116,676343,19.825,21.35,1.53,1,,ALS,PIL-090,HE25123306 - Finalized,17/04/2025,Chips_QuarterSplit,8.06,Yuvitza.Davila,17/04/2025,,,,8.08
JES-25-116,676345,21.35,22.875,1.53,1,,ALS,PIL-090,HE25123306 - Finalized,17/04/2025,Chips_QuarterSplit,8.33,Yuvitza.Davila,17/04/2025,,,,8.34
JES-25-116,676346,22.875,24.4,1.53,1,,ALS,PIL-090,HE25123306 - Finalized,17/04/2025,Chips_QuarterSplit,9.32,Yuvitza.Davila,17/04/2025,,,,9.34
JES-25-116,676347,24.4,25.925,1.53,1,,ALS,PIL-090,HE25123306 - Finalized,17/04/2025,Chips_QuarterSplit,9.235,Yuvitza.Davila,17/04/2025,,,,9.26
JES-25-116,676348,25.925,27.45,1.53,1,,ALS,PIL-090,HE25123306 - Finalized,17/04/2025,Chips_QuarterSplit,9.05,Yuvitza.Davila,17/04/2025,,,,9.06
JES-25-116,676349,27.45,28.975,1.53,1,,ALS,PIL-090,HE25123306 - Finalized,17/04/2025,Chips_QuarterSplit,5.485,Yuvitza.Davila,17/04/2025,,,,5.5
JES-25-116,676350,28.975,30.5,1.53,1,,ALS,PIL-090,HE25123306 - Finalized,17/04/2025,Chips_QuarterSplit,8.985,Yuvitza.Davila,17/04/2025,,,,9
JES-25-116,676351,30.5,32.025,1.53,1,,ALS,PIL-090,HE25123306 - Finalized,17/04/2025,Chips_QuarterSplit,9.325,Yuvitza.Davila,17/04/2025,,,,9.32
JES-25-116,676352,32.025,33.55,1.53,1,,ALS,PIL-090,HE25123306 - Finalized,17/04/2025,Chips_QuarterSplit,10.86,Yuvitza.Davila,17/04/2025,,,,10.86
JES-25-116,676353,33.55,35.075,1.53,1,,ALS,PIL-090,HE25123306 - Finalized,17/04/2025,Chips_QuarterSplit,10.295,Yuvitza.Davila,17/04/2025,,,,10.3
JES-25-116,676354,35.075,36.6,1.53,1,,ALS,PIL-090,HE25123306 - Finalized,17/04/2025,Chips_QuarterSplit,10.695,Yuvitza.Davila,17/04/2025,,,,10.7
JES-25-116,676355,36.6,38.125,1.53,1,,ALS,PIL-090,HE25123306 - Finalized,17/04/2025,Chips_QuarterSplit,10,Yuvitza.Davila,17/04/2025,,,,10
JES-25-116,676356,38.125,39.65,1.53,1,,ALS,PIL-090,HE25123306 - Finalized,17/04/2025,Chips_QuarterSplit,10.9,Yuvitza.Davila,17/04/2025,,,,10.9
JES-25-116,676357,39.65,41.175,1.53,1,,ALS,PIL-090,HE25123306 - Finalized,17/04/2025,Chips_QuarterSplit,11.77,Yuvitza.Davila,17/04/2025,,,,11.8
JES-25-116,676358,41.175,42.7,1.53,1,,ALS,PIL-090,HE25123306 - Finalized,17/04/2025,Chips_QuarterSplit,7.95,Yuvitza.Davila,17/04/2025,,,,7.96
JES-25-116,676359,42.7,44.225,1.53,1,,ALS,PIL-090,HE25123306 - Finalized,17/04/2025,Chips_QuarterSplit,12.205,Yuvitza.Davila,17/04/2025,,,,12.2
JES-25-116,676360,44.225,45.75,1.53,1,,ALS,PIL-090,HE25123306 - Finalized,17/04/2025,Chips_QuarterSplit,10.035,Yuvitza.Davila,17/04/2025,,,,10.04
JES-25-116,676361,45.75,47.275,1.53,1,,ALS,PIL-090,HE25123306 - Finalized,17/04/2025,Chips_QuarterSplit,11.015,Yuvitza.Davila,17/04/2025,,,,11.02
JES-25-116,676362,47.275,48.8,1.53,1,,ALS,PIL-090,HE25123306 - Finalized,17/04/2025,Chips_QuarterSplit,8.595,Yuvitza.Davila,17/04/2025,,,,8.6
JES-25-116,676363,48.8,50.325,1.53,1,,ALS,PIL-090,HE25123306 - Finalized,17/04/2025,Chips_QuarterSplit,10.18,Yuvitza.Davila,17/04/2025,,,,10.18
JES-25-116,676366,50.325,51.85,1.53,1,,ALS,PIL-090,HE25123306 - Finalized,17/04/2025,Chips_QuarterSplit,12.21,Yuvitza.Davila,17/04/2025,,,,12.22
JES-25-116,676367,51.85,53.375,1.53,1,,ALS,PIL-090,HE25123306 - Finalized,17/04/2025,Chips_QuarterSplit,8.68,Yuvitza.Davila,17/04/2025,,,,8.68
JES-25-116,676368,53.375,54.9,1.53,1,,ALS,PIL-090,HE25123306 - Finalized,17/04/2025,Chips_QuarterSplit,10.595,Yuvitza.Davila,17/04/2025,,,,10.5
JES-25-116,676369,54.9,56.425,1.53,1,,ALS,PIL-090,HE25123306 - Finalized,17/04/2025,Chips_QuarterSplit,11.335,Yuvitza.Davila,17/04/2025,,,,11.36
JES-25-116,676370,56.425,57.95,1.53,1,,ALS,PIL-090,HE25123306 - Finalized,17/04/2025,Chips_QuarterSplit,9.295,Yuvitza.Davila,17/04/2025,,,,9.3
JES-25-116,676371,57.95,59.475,1.53,1,,ALS,PIL-090,HE25123306 - Finalized,17/04/2025,Chips_QuarterSplit,11.095,Yuvitza.Davila,17/04/2025,,,,11.1
JES-25-116,676372,59.475,61,1.53,1,,ALS,PIL-090,HE25123306 - Finalized,17/04/2025,Chips_QuarterSplit,10.215,Yuvitza.Davila,17/04/2025,,,,10.22
JES-25-116,676373,61,62.525,1.53,1,,ALS,PIL-090,HE25123306 - Finalized,17/04/2025,Chips_QuarterSplit,8.605,Yuvitza.Davila,17/04/2025,,,,8.62
JES-25-116,676374,62.525,64.05,1.53,1,,ALS,PIL-090,HE25123306 - Finalized,17/04/2025,Chips_QuarterSplit,8.015,Yuvitza.Davila,17/04/2025,,,,8.02
JES-25-116,676375,64.05,65.575,1.53,1,,ALS,PIL-090,HE25123306 - Finalized,17/04/2025,Chips_QuarterSplit,8.72,Yuvitza.Davila,17/04/2025,,,,8.74
JES-25-116,676376,65.575,67.1,1.52,1,,ALS,PIL-090,HE25123306 - Finalized,17/04/2025,Chips_QuarterSplit,12.19,Yuvitza.Davila,17/04/2025,,,,12.22
JES-25-116,676377,67.1,68.625,1.53,1,,ALS,PIL-090,HE25123306 - Finalized,17/04/2025,Chips_QuarterSplit,13.615,Yuvitza.Davila,17/04/2025,,,,13.62
JES-25-116,676378,68.625,70.15,1.53,1,,ALS,PIL-090,HE25123306 - Finalized,17/04/2025,Chips_QuarterSplit,9.33,Yuvitza.Davila,17/04/2025,,,,9.34
JES-25-116,676379,70.15,71.675,1.52,1,,ALS,PIL-090,HE25123306 - Finalized,17/04/2025,Chips_QuarterSplit,11.65,Yuvitza.Davila,17/04/2025,,,,11.68
JES-25-116,676380,71.675,73.2,1.53,1,,ALS,PIL-090,HE25123306 - Finalized,17/04/2025,Chips_QuarterSplit,10.735,Yuvitza.Davila,17/04/2025,,,,10.76
JES-25-116,676381,73.2,74.725,1.52,1,,ALS,PIL-090,HE25123306 - Finalized,17/04/2025,Chips_QuarterSplit,10.35,Yuvitza.Davila,17/04/2025,,,,10.36
JES-25-116,676382,74.725,76.25,1.53,1,,ALS,PIL-090,HE25123306 - Finalized,17/04/2025,Chips_QuarterSplit,10.065,Yuvitza.Davila,17/04/2025,,,,10.08
JES-25-116,676384,76.25,77.775,1.53,1,,ALS,PIL-090,HE25123306 - Finalized,17/04/2025,Chips_QuarterSplit,10.16,Yuvitza.Davila,17/04/2025,,,,10.18
JES-25-116,676385,77.775,79.3,1.52,1,,ALS,PIL-090,HE25123306 - Finalized,17/04/2025,Chips_QuarterSplit,8.935,Yuvitza.Davila,17/04/2025,,,,8.96
JES-25-116,676386,79.3,80.825,1.53,1,,ALS,PIL-090,HE25123306 - Finalized,17/04/2025,Chips_QuarterSplit,10.23,Yuvitza.Davila,17/04/2025,,,,10.28
JES-25-116,676387,80.825,82.35,1.52,1,,ALS,PIL-090,HE25123306 - Finalized,17/04/2025,Chips_QuarterSplit,10.07,Yuvitza.Davila,17/04/2025,,,,10.08
JES-25-116,676388,82.35,83.875,1.53,1,,ALS,PIL-090,HE25123306 - Finalized,17/04/2025,Chips_QuarterSplit,11.37,Yuvitza.Davila,17/04/2025,,,,11.38
JES-25-116,676389,83.875,85.4,1.53,1,,ALS,PIL-090,HE25123306 - Finalized,17/04/2025,Chips_QuarterSplit,10.32,Yuvitza.Davila,17/04/2025,,,,10.34
JES-25-116,676390,85.4,86.925,1.52,1,,ALS,PIL-090,HE25123306 - Finalized,17/04/2025,Chips_QuarterSplit,9.44,Yuvitza.Davila,17/04/2025,,,,9.44
JES-25-116,676391,86.925,88.45,1.53,1,,ALS,PIL-090,HE25123306 - Finalized,17/04/2025,Chips_QuarterSplit,10.015,Yuvitza.Davila,17/04/2025,,,,10.04
JES-25-116,676392,88.45,89.975,1.52,1,,ALS,PIL-090,HE25123306 - Finalized,17/04/2025,Chips_QuarterSplit,11.185,Yuvitza.Davila,17/04/2025,,,,10.94
JES-25-116,676393,89.975,91.5,1.53,1,,ALS,PIL-090,HE25123306 - Finalized,17/04/2025,Chips_QuarterSplit,10.335,Yuvitza.Davila,17/04/2025,,,,10.34
JES-25-116,676394,91.5,93.025,1.53,1,,ALS,PIL-090,HE25123306 - Finalized,17/04/2025,Chips_QuarterSplit,10.93,Yuvitza.Davila,17/04/2025,,,,10.96
JES-25-116,676395,93.025,94.55,1.52,1,,ALS,PIL-090,HE25123306 - Finalized,17/04/2025,Chips_QuarterSplit,10.98,Yuvitza.Davila,17/04/2025,,,,11
JES-25-116,676396,94.55,96.075,1.53,1,,ALS,PIL-090,HE25123306 - Finalized,17/04/2025,Chips_QuarterSplit,11.665,Yuvitza.Davila,17/04/2025,,,,11.66
JES-25-116,676397,96.075,97.6,1.52,1,,ALS,PIL-090,HE25123306 - Finalized,17/04/2025,Chips_QuarterSplit,9.86,Yuvitza.Davila,17/04/2025,,,,9.88
JES-25-116,676398,97.6,99.125,1.53,1,,ALS,PIL-090,HE25123306 - Finalized,17/04/2025,Chips_QuarterSplit,11.895,Yuvitza.Davila,17/04/2025,,,,11.9
JES-25-116,676399,99.125,100.65,1.53,1,,ALS,PIL-090,HE25123306 - Finalized,17/04/2025,Chips_QuarterSplit,10.435,Yuvitza.Davila,17/04/2025,,,,10.46
JES-25-116,676401,100.65,102.175,1.52,1,,ALS,PIL-090,HE25123306 - Finalized,17/04/2025,Chips_QuarterSplit,9.895,Yuvitza.Davila,17/04/2025,,,,9.9
JES-25-116,676402,102.175,103.7,1.53,1,,ALS,PIL-090,HE25123306 - Finalized,17/04/2025,Chips_QuarterSplit,9.85,Yuvitza.Davila,17/04/2025,,,,9.86
JES-25-116,676403,103.7,105.225,1.52,1,,ALS,PIL-090,HE25123306 - Finalized,17/04/2025,Chips_QuarterSplit,8.825,Yuvitza.Davila,17/04/2025,,,,8.84
JES-25-116,676404,105.225,106.75,1.53,1,,ALS,PIL-090,HE25123306 - Finalized,17/04/2025,Chips_QuarterSplit,11.825,Yuvitza.Davila,17/04/2025,,,,11.84
JES-25-116,676405,106.75,108.275,1.53,1,,ALS,PIL-090,HE25123306 - Finalized,17/04/2025,Chips_QuarterSplit,10.365,Yuvitza.Davila,17/04/2025,,,,10.38
JES-25-116,676406,108.275,109.8,1.52,1,,ALS,PIL-090,HE25123306 - Finalized,17/04/2025,Chips_QuarterSplit,9.655,Yuvitza.Davila,17/04/2025,,,,9.66
JES-25-116,676407,109.8,111.325,1.53,1,,ALS,PIL-090,HE25123306 - Finalized,17/04/2025,Chips_QuarterSplit,9.42,Yuvitza.Davila,17/04/2025,,,,9.44
JES-25-116,676408,111.325,112.85,1.52,1,,ALS,PIL-090,HE25123306 - Finalized,17/04/2025,Chips_QuarterSplit,10.445,Yuvitza.Davila,17/04/2025,,,,10.44
JES-25-116,676409,112.85,114.375,1.53,1,,ALS,PIL-090,HE25123306 - Finalized,17/04/2025,Chips_QuarterSplit,9.585,Yuvitza.Davila,17/04/2025,,,,9.6
JES-25-116,676410,114.375,115.9,1.53,1,,ALS,PIL-090,HE25123306 - Finalized,17/04/2025,Chips_QuarterSplit,11.23,Yuvitza.Davila,17/04/2025,,,,11.26
JES-25-116,676411,115.9,117.425,1.52,1,,ALS,PIL-090,HE25123306 - Finalized,17/04/2025,Chips_QuarterSplit,11.83,Yuvitza.Davila,17/04/2025,,,,10.84
JES-25-116,676412,117.425,118.95,1.53,1,,ALS,PIL-090,HE25123306 - Finalized,17/04/2025,Chips_QuarterSplit,10.59,Yuvitza.Davila,17/04/2025,,,,10.6
JES-25-116,676413,118.95,120.475,1.52,1,,ALS,PIL-090,HE25123306 - Finalized,17/04/2025,Chips_QuarterSplit,12.02,Yuvitza.Davila,17/04/2025,,,,12.04
JES-25-116,676414,120.475,122,1.53,1,,ALS,PIL-090,HE25123306 - Finalized,17/04/2025,Chips_QuarterSplit,10.975,Yuvitza.Davila,17/04/2025,,,,10.92
JES-25-116,676415,122,123.525,1.53,1,,ALS,PIL-090,HE25123306 - Finalized,17/04/2025,Chips_QuarterSplit,10.635,Yuvitza.Davila,17/04/2025,,,,10.64
JES-25-116,676416,123.525,125.05,1.52,1,,ALS,PIL-090,HE25123306 - Finalized,17/04/2025,Chips_QuarterSplit,12.29,Yuvitza.Davila,17/04/2025,,,,12.32
JES-25-116,676417,125.05,126.575,1.53,1,,ALS,PIL-090,HE25123306 - Finalized,17/04/2025,Chips_QuarterSplit,13.025,Yuvitza.Davila,17/04/2025,,,,13.04
JES-25-116,676418,126.575,128.1,1.52,1,,ALS,PIL-090,HE25123306 - Finalized,17/04/2025,Chips_QuarterSplit,9.765,Yuvitza.Davila,17/04/2025,,,,9.78
JES-25-116,676419,128.1,129.625,1.53,1,,ALS,PIL-090,HE25123306 - Finalized,17/04/2025,Chips_QuarterSplit,10.085,Yuvitza.Davila,17/04/2025,,,,10.08
JES-25-116,676420,129.625,131.15,1.53,1,,ALS,PIL-090,HE25123306 - Finalized,17/04/2025,Chips_QuarterSplit,10.545,Yuvitza.Davila,17/04/2025,,,,10.56
JES-25-116,676421,131.15,132.675,1.53,1,,ALS,PIL-090,HE25123306 - Finalized,17/04/2025,Chips_QuarterSplit,10.365,Yuvitza.Davila,17/04/2025,,,,10.36
JES-25-116,676423,132.675,134.2,1.52,1,,ALS,PIL-090,HE25123306 - Finalized,17/04/2025,Chips_QuarterSplit,10.74,Yuvitza.Davila,17/04/2025,,,,10.74
JES-25-116,676424,134.2,135.725,1.53,1,,ALS,PIL-090,HE25123306 - Finalized,17/04/2025,Chips_QuarterSplit,12.22,Yuvitza.Davila,17/04/2025,,,,12.22
JES-25-116,676425,135.725,137.25,1.53,1,,ALS,PIL-090,HE25123306 - Finalized,17/04/2025,Chips_QuarterSplit,10.785,Yuvitza.Davila,17/04/2025,,,,10.8
JES-25-116,676426,137.25,138.775,1.53,1,,ALS,PIL-090,HE25123306 - Finalized,17/04/2025,Chips_QuarterSplit,10.18,Yuvitza.Davila,17/04/2025,,,,10.18
JES-25-116,676427,138.775,140.3,1.53,1,,ALS,PIL-090,HE25123306 - Finalized,17/04/2025,Chips_QuarterSplit,10.49,Yuvitza.Davila,17/04/2025,,,,10.5
JES-25-116,676428,140.3,141.825,1.52,1,,ALS,PIL-090,HE25123306 - Finalized,17/04/2025,Chips_QuarterSplit,10.64,Yuvitza.Davila,17/04/2025,,,,10.64
JES-25-116,676429,141.825,143.35,1.53,1,,ALS,PIL-090,HE25123306 - Finalized,17/04/2025,Chips_QuarterSplit,10.955,Yuvitza.Davila,17/04/2025,,,,10.96
JES-25-116,676430,143.35,144.875,1.53,1,,ALS,PIL-090,HE25123306 - Finalized,17/04/2025,Chips_QuarterSplit,11.805,Yuvitza.Davila,17/04/2025,,,,11.82
JES-25-116,676431,144.875,146.4,1.53,1,,ALS,PIL-090,HE25123306 - Finalized,17/04/2025,Chips_QuarterSplit,10.665,Yuvitza.Davila,17/04/2025,,,,10.68
JES-25-116,676432,146.4,147.925,1.53,1,,ALS,PIL-090,HE25123306 - Finalized,17/04/2025,Chips_QuarterSplit,11.41,Yuvitza.Davila,17/04/2025,,,,11.42
JES-25-116,676433,147.925,149.45,1.52,1,,ALS,PIL-090,HE25123306 - Finalized,17/04/2025,Chips_QuarterSplit,9.44,Yuvitza.Davila,17/04/2025,,,,9.44
JES-25-116,676434,149.45,150.975,1.53,1,,ALS,PIL-090,HE25123306 - Finalized,17/04/2025,Chips_QuarterSplit,10.615,Yuvitza.Davila,17/04/2025,,,,10.64
JES-25-117,676439,0,1.525,1.53,1,,ALS,PIL-091,HE25123308 - Finalized,21/04/2025,Chips_QuarterSplit,1.046,Yuvitza.Davila,21/04/2025,,,,1.04
JES-25-117,676440,1.525,3.05,1.53,1,,ALS,PIL-091,HE25123308 - Finalized,21/04/2025,Chips_QuarterSplit,5.44,Yuvitza.Davila,21/04/2025,,,,5.48
JES-25-117,676441,3.05,4.575,1.53,1,,ALS,PIL-091,HE25123308 - Finalized,21/04/2025,Chips_QuarterSplit,2.665,Yuvitza.Davila,21/04/2025,,,,2.68
JES-25-117,676442,4.575,6.1,1.53,1,,ALS,PIL-091,HE25123308 - Finalized,21/04/2025,Chips_QuarterSplit,12.07,Yuvitza.Davila,21/04/2025,,,,12.14
JES-25-117,676443,6.1,7.625,1.53,1,,ALS,PIL-091,HE25123308 - Finalized,21/04/2025,Chips_QuarterSplit,13.325,Yuvitza.Davila,21/04/2025,,,,13.38
JES-25-117,676444,7.625,9.15,1.53,1,,ALS,PIL-091,HE25123308 - Finalized,21/04/2025,Chips_QuarterSplit,11.225,Yuvitza.Davila,21/04/2025,,,,11.32
JES-25-117,676445,9.15,10.675,1.53,1,,ALS,PIL-091,HE25123308 - Finalized,21/04/2025,Chips_QuarterSplit,13.64,Yuvitza.Davila,21/04/2025,,,,14.72
JES-25-117,676446,10.675,12.2,1.53,1,,ALS,PIL-091,HE25123308 - Finalized,21/04/2025,Chips_QuarterSplit,10.87,Yuvitza.Davila,21/04/2025,,,,10.92
JES-25-117,676447,12.2,13.725,1.53,1,,ALS,PIL-091,HE25123308 - Finalized,21/04/2025,Chips_QuarterSplit,11.265,Yuvitza.Davila,21/04/2025,,,,11.3
JES-25-117,676448,13.725,15.25,1.53,1,,ALS,PIL-091,HE25123308 - Finalized,21/04/2025,Chips_QuarterSplit,12.05,Yuvitza.Davila,21/04/2025,,,,12.06
JES-25-117,676449,15.25,16.775,1.53,1,,ALS,PIL-091,HE25123308 - Finalized,21/04/2025,Chips_QuarterSplit,9.55,Yuvitza.Davila,21/04/2025,,,,9.58
JES-25-117,676450,16.775,18.3,1.53,1,,ALS,PIL-091,HE25123308 - Finalized,21/04/2025,Chips_QuarterSplit,11.595,Yuvitza.Davila,21/04/2025,,,,11.64
JES-25-117,676451,18.3,19.825,1.53,1,,ALS,PIL-091,HE25123308 - Finalized,21/04/2025,Chips_QuarterSplit,11.005,Yuvitza.Davila,21/04/2025,,,,11.06
JES-25-117,676452,19.825,21.35,1.53,1,,ALS,PIL-091,HE25123308 - Finalized,21/04/2025,Chips_QuarterSplit,12.965,Yuvitza.Davila,21/04/2025,,,,13.04
JES-25-117,676454,21.35,22.875,1.53,1,,ALS,PIL-091,HE25123308 - Finalized,21/04/2025,Chips_QuarterSplit,12.31,Yuvitza.Davila,21/04/2025,,,,12.4
JES-25-117,676455,22.875,24.4,1.53,1,,ALS,PIL-091,HE25123308 - Finalized,21/04/2025,Chips_QuarterSplit,13.095,Yuvitza.Davila,21/04/2025,,,,13.18
JES-25-117,676456,24.4,25.925,1.53,1,,ALS,PIL-091,HE25123308 - Finalized,21/04/2025,Chips_QuarterSplit,11.315,Yuvitza.Davila,21/04/2025,,,,11.38
JES-25-117,676457,25.925,27.45,1.53,1,,ALS,PIL-091,HE25123308 - Finalized,21/04/2025,Chips_QuarterSplit,12.555,Yuvitza.Davila,21/04/2025,,,,12.62
JES-25-117,676458,27.45,28.975,1.53,1,,ALS,PIL-091,HE25123308 - Finalized,21/04/2025,Chips_QuarterSplit,12.05,Yuvitza.Davila,21/04/2025,,,,12.06
JES-25-117,676459,28.975,30.5,1.53,1,,ALS,PIL-091,HE25123308 - Finalized,21/04/2025,Chips_QuarterSplit,15.395,Yuvitza.Davila,21/04/2025,,,,15.5
JES-25-117,676460,30.5,32.025,1.53,1,,ALS,PIL-091,HE25123308 - Finalized,21/04/2025,Chips_QuarterSplit,12.225,Yuvitza.Davila,21/04/2025,,,,12.28
JES-25-117,676461,32.025,33.55,1.53,1,,ALS,PIL-091,HE25123308 - Finalized,21/04/2025,Chips_QuarterSplit,15.675,Yuvitza.Davila,21/04/2025,,,,15.74
JES-25-117,676462,33.55,35.075,1.53,1,,ALS,PIL-091,HE25123308 - Finalized,21/04/2025,Chips_QuarterSplit,12.425,Yuvitza.Davila,21/04/2025,,,,12.48
JES-25-117,676463,35.075,36.6,1.53,1,,ALS,PIL-091,HE25123308 - Finalized,21/04/2025,Chips_QuarterSplit,13.745,Yuvitza.Davila,21/04/2025,,,,13.82
JES-25-117,676464,36.6,38.125,1.53,1,,ALS,PIL-091,HE25123308 - Finalized,21/04/2025,Chips_QuarterSplit,11.36,Yuvitza.Davila,21/04/2025,,,,11.4
JES-25-117,676465,38.125,39.65,1.53,1,,ALS,PIL-091,HE25123308 - Finalized,21/04/2025,Chips_QuarterSplit,14.135,Yuvitza.Davila,21/04/2025,,,,14.24
JES-25-117,676466,39.65,41.175,1.53,1,,ALS,PIL-091,HE25123308 - Finalized,21/04/2025,Chips_QuarterSplit,7.31,Yuvitza.Davila,21/04/2025,,,,7.34
JES-25-117,676467,41.175,42.7,1.53,1,,ALS,PIL-091,HE25123308 - Finalized,21/04/2025,Chips_QuarterSplit,15.435,Yuvitza.Davila,21/04/2025,,,,14.52
JES-25-117,676468,42.7,44.225,1.53,1,,ALS,PIL-091,HE25123308 - Finalized,21/04/2025,Chips_QuarterSplit,11.145,Yuvitza.Davila,21/04/2025,,,,11.2
JES-25-117,676469,44.225,45.75,1.53,1,,ALS,PIL-091,HE25123308 - Finalized,21/04/2025,Chips_QuarterSplit,13.57,Yuvitza.Davila,21/04/2025,,,,13.64
JES-25-117,676470,45.75,47.275,1.53,1,,ALS,PIL-091,HE25123308 - Finalized,21/04/2025,Chips_QuarterSplit,11.095,Yuvitza.Davila,21/04/2025,,,,11.14
JES-25-117,676471,47.275,48.8,1.53,1,,ALS,PIL-091,HE25123308 - Finalized,21/04/2025,Chips_QuarterSplit,11.095,Yuvitza.Davila,21/04/2025,,,,11.16
JES-25-117,676472,48.8,50.325,1.53,1,,ALS,PIL-091,HE25123308 - Finalized,21/04/2025,Chips_QuarterSplit,10.515,Yuvitza.Davila,21/04/2025,,,,10.56
JES-25-117,676475,50.325,51.85,1.53,1,,ALS,PIL-091,HE25123308 - Finalized,21/04/2025,Chips_QuarterSplit,10.93,Yuvitza.Davila,21/04/2025,,,,11
JES-25-117,676476,51.85,53.375,1.53,1,,ALS,PIL-091,HE25123308 - Finalized,21/04/2025,Chips_QuarterSplit,9.815,Yuvitza.Davila,21/04/2025,,,,9.92
JES-25-117,676477,53.375,54.9,1.53,1,,ALS,PIL-091,HE25123308 - Finalized,21/04/2025,Chips_QuarterSplit,13.39,Yuvitza.Davila,21/04/2025,,,,13.48
JES-25-117,676478,54.9,56.425,1.53,1,,ALS,PIL-091,HE25123308 - Finalized,21/04/2025,Chips_QuarterSplit,10.105,Yuvitza.Davila,21/04/2025,,,,10.16
JES-25-117,676479,56.425,57.95,1.53,1,,ALS,PIL-091,HE25123308 - Finalized,21/04/2025,Chips_QuarterSplit,12.29,Yuvitza.Davila,21/04/2025,,,,12.36
JES-25-117,676480,57.95,59.475,1.53,1,,ALS,PIL-091,HE25123308 - Finalized,21/04/2025,Chips_QuarterSplit,10.575,Yuvitza.Davila,21/04/2025,,,,10.62
JES-25-117,676481,59.475,61,1.53,1,,ALS,PIL-091,HE25123308 - Finalized,21/04/2025,Chips_QuarterSplit,13.34,Yuvitza.Davila,21/04/2025,,,,13.92
JES-25-117,676482,61,62.525,1.53,1,,ALS,PIL-091,HE25123308 - Finalized,21/04/2025,Chips_QuarterSplit,9.99,Yuvitza.Davila,21/04/2025,,,,10.04
JES-25-117,676483,62.525,64.05,1.53,1,,ALS,PIL-091,HE25123308 - Finalized,21/04/2025,Chips_QuarterSplit,10.915,Yuvitza.Davila,21/04/2025,,,,10.96
JES-25-117,676484,64.05,65.575,1.53,1,,ALS,PIL-091,HE25123308 - Finalized,21/04/2025,Chips_QuarterSplit,10.42,Yuvitza.Davila,21/04/2025,,,,10.46
JES-25-117,676485,65.575,67.1,1.52,1,,ALS,PIL-091,HE25123308 - Finalized,21/04/2025,Chips_QuarterSplit,13.015,Yuvitza.Davila,21/04/2025,,,,13.08
JES-25-117,676486,67.1,68.625,1.53,1,,ALS,PIL-091,HE25123308 - Finalized,21/04/2025,Chips_QuarterSplit,11.18,Yuvitza.Davila,21/04/2025,,,,11.22
JES-25-117,676487,68.625,70.15,1.53,1,,ALS,PIL-091,HE25123308 - Finalized,21/04/2025,Chips_QuarterSplit,11.61,Yuvitza.Davila,21/04/2025,,,,11.66
JES-25-117,676488,70.15,71.675,1.52,1,,ALS,PIL-091,HE25123308 - Finalized,21/04/2025,Chips_QuarterSplit,11.115,Yuvitza.Davila,21/04/2025,,,,11.24
JES-25-117,676489,71.675,73.2,1.53,1,,ALS,PIL-091,HE25123308 - Finalized,21/04/2025,Chips_QuarterSplit,14.01,Yuvitza.Davila,21/04/2025,,,,14.14
JES-25-117,676490,73.2,74.725,1.52,1,,ALS,PIL-091,HE25123308 - Finalized,21/04/2025,Chips_QuarterSplit,11.31,Yuvitza.Davila,21/04/2025,,,,11.36
JES-25-117,676491,74.725,76.25,1.53,1,,ALS,PIL-091,HE25123308 - Finalized,21/04/2025,Chips_QuarterSplit,12.065,Yuvitza.Davila,21/04/2025,,,,12.12
JES-25-117,676493,76.25,77.775,1.53,1,,ALS,PIL-091,HE25123308 - Finalized,21/04/2025,Chips_QuarterSplit,11.42,Yuvitza.Davila,21/04/2025,,,,11.48
JES-25-117,676494,77.775,79.3,1.52,1,,ALS,PIL-091,HE25123308 - Finalized,21/04/2025,Chips_QuarterSplit,10.62,Yuvitza.Davila,21/04/2025,,,,10.66
JES-25-117,676495,79.3,80.825,1.53,1,,ALS,PIL-091,HE25123308 - Finalized,21/04/2025,Chips_QuarterSplit,14.185,Yuvitza.Davila,21/04/2025,,,,14.24
JES-25-117,676496,80.825,82.35,1.52,1,,ALS,PIL-091,HE25123308 - Finalized,21/04/2025,Chips_QuarterSplit,8.2,Yuvitza.Davila,21/04/2025,,,,8.32
JES-25-117,676497,82.35,83.875,1.53,1,,ALS,PIL-091,HE25123308 - Finalized,21/04/2025,Chips_QuarterSplit,10.77,Yuvitza.Davila,21/04/2025,,,,10.8
JES-25-117,676498,83.875,85.4,1.53,1,,ALS,PIL-091,HE25123308 - Finalized,21/04/2025,Chips_QuarterSplit,12.865,Yuvitza.Davila,21/04/2025,,,,12.9
JES-25-117,676499,85.4,86.925,1.52,1,,ALS,PIL-091,HE25123308 - Finalized,21/04/2025,Chips_QuarterSplit,9.98,Yuvitza.Davila,21/04/2025,,,,10.02
JES-25-117,676500,86.925,88.45,1.53,1,,ALS,PIL-091,HE25123308 - Finalized,21/04/2025,Chips_QuarterSplit,13.515,Yuvitza.Davila,21/04/2025,,,,13.56
JES-25-117,676501,88.45,89.975,1.52,1,,ALS,PIL-091,HE25123308 - Finalized,21/04/2025,Chips_QuarterSplit,11.225,Yuvitza.Davila,21/04/2025,,,,11.26
JES-25-117,676502,89.975,91.5,1.53,1,,ALS,PIL-091,HE25123308 - Finalized,21/04/2025,Chips_QuarterSplit,11.195,Yuvitza.Davila,21/04/2025,,,,11.24
JES-25-117,676503,91.5,93.025,1.53,1,,ALS,PIL-091,HE25123308 - Finalized,21/04/2025,Chips_QuarterSplit,10.415,Yuvitza.Davila,21/04/2025,,,,10.52
JES-25-117,676504,93.025,94.55,1.52,1,,ALS,PIL-091,HE25123308 - Finalized,21/04/2025,Chips_QuarterSplit,14.925,Yuvitza.Davila,21/04/2025,,,,14.9
JES-25-117,676505,94.55,96.075,1.53,1,,ALS,PIL-091,HE25123308 - Finalized,21/04/2025,Chips_QuarterSplit,13.125,Yuvitza.Davila,21/04/2025,,,,13.2
JES-25-117,676506,96.075,97.6,1.52,1,,ALS,PIL-091,HE25123308 - Finalized,21/04/2025,Chips_QuarterSplit,11.74,Yuvitza.Davila,21/04/2025,,,,11.78
JES-25-117,676507,97.6,99.125,1.53,1,,ALS,PIL-091,HE25123308 - Finalized,21/04/2025,Chips_QuarterSplit,11.785,Yuvitza.Davila,21/04/2025,,,,11.84
JES-25-117,676508,99.125,100.65,1.53,1,,ALS,PIL-091,HE25123308 - Finalized,21/04/2025,Chips_QuarterSplit,13.005,Yuvitza.Davila,21/04/2025,,,,13.06
JES-25-117,676510,100.65,102.175,1.52,1,,ALS,PIL-091,HE25123308 - Finalized,21/04/2025,Chips_QuarterSplit,12.72,Yuvitza.Davila,21/04/2025,,,,12.78
JES-25-117,676511,102.175,103.7,1.53,1,,ALS,PIL-091,HE25123308 - Finalized,21/04/2025,Chips_QuarterSplit,12.765,Yuvitza.Davila,21/04/2025,,,,12.22
JES-25-117,676512,103.7,105.225,1.52,1,,ALS,PIL-091,HE25123308 - Finalized,21/04/2025,Chips_QuarterSplit,10.47,Yuvitza.Davila,21/04/2025,,,,10.52
JES-25-117,676513,105.225,106.75,1.53,1,,ALS,PIL-091,HE25123308 - Finalized,21/04/2025,Chips_QuarterSplit,11.895,Yuvitza.Davila,21/04/2025,,,,11.96
JES-25-117,676514,106.75,108.275,1.53,1,,ALS,PIL-091,HE25123308 - Finalized,21/04/2025,Chips_QuarterSplit,11.45,Yuvitza.Davila,21/04/2025,,,,11.52
JES-25-117,676515,108.275,109.8,1.52,1,,ALS,PIL-091,HE25123308 - Finalized,21/04/2025,Chips_QuarterSplit,9.315,Yuvitza.Davila,21/04/2025,,,,9.34
JES-25-117,676516,109.8,111.325,1.53,1,,ALS,PIL-091,HE25123308 - Finalized,21/04/2025,Chips_QuarterSplit,10.04,Yuvitza.Davila,21/04/2025,,,,10.1
JES-25-117,676517,111.325,112.85,1.52,1,,ALS,PIL-091,HE25123308 - Finalized,21/04/2025,Chips_QuarterSplit,13.125,Yuvitza.Davila,21/04/2025,,,,13.22
JES-25-117,676518,112.85,114.375,1.53,1,,ALS,PIL-091,HE25123308 - Finalized,21/04/2025,Chips_QuarterSplit,9.77,Yuvitza.Davila,21/04/2025,,,,9.82
JES-25-117,676519,114.375,115.9,1.53,1,,ALS,PIL-091,HE25123308 - Finalized,21/04/2025,Chips_QuarterSplit,9.74,Yuvitza.Davila,21/04/2025,,,,9.82
JES-25-117,676520,115.9,117.425,1.52,1,,ALS,PIL-091,HE25123308 - Finalized,21/04/2025,Chips_QuarterSplit,12.285,Yuvitza.Davila,21/04/2025,,,,12.34
JES-25-117,676521,117.425,118.95,1.53,1,,ALS,PIL-091,HE25123308 - Finalized,21/04/2025,Chips_QuarterSplit,9.59,Yuvitza.Davila,21/04/2025,,,,9.64
JES-25-117,676522,118.95,120.475,1.52,1,,ALS,PIL-091,HE25123308 - Finalized,21/04/2025,Chips_QuarterSplit,10.32,Yuvitza.Davila,21/04/2025,,,,10.36
JES-25-117,676523,120.475,122,1.53,1,,ALS,PIL-091,HE25123308 - Finalized,21/04/2025,Chips_QuarterSplit,11,Yuvitza.Davila,21/04/2025,,,,11.06
JES-25-117,676524,122,123.525,1.53,1,,ALS,PIL-091,HE25123308 - Finalized,21/04/2025,Chips_QuarterSplit,11.75,Yuvitza.Davila,21/04/2025,,,,11.82
JES-25-117,676525,123.525,125.05,1.52,1,,ALS,PIL-091,HE25123308 - Finalized,21/04/2025,Chips_QuarterSplit,10.08,Yuvitza.Davila,21/04/2025,,,,10.18
JES-25-117,676526,125.05,126.575,1.53,1,,ALS,PIL-091,HE25123308 - Finalized,21/04/2025,Chips_QuarterSplit,8.26,Yuvitza.Davila,21/04/2025,,,,8.3
JES-25-117,676527,126.575,128.1,1.52,1,,ALS,PIL-091,HE25123308 - Finalized,21/04/2025,Chips_QuarterSplit,8.41,Yuvitza.Davila,21/04/2025,,,,8.96
JES-25-117,676528,128.1,129.625,1.53,1,,ALS,PIL-091,HE25123308 - Finalized,21/04/2025,Chips_QuarterSplit,10.545,Yuvitza.Davila,21/04/2025,,,,10.6
JES-25-117,676529,129.625,131.15,1.53,1,,ALS,PIL-091,HE25123308 - Finalized,21/04/2025,Chips_QuarterSplit,9.92,Yuvitza.Davila,21/04/2025,,,,9.98
JES-25-117,676530,131.15,132.675,1.53,1,,ALS,PIL-091,HE25123308 - Finalized,21/04/2025,Chips_QuarterSplit,8.99,Yuvitza.Davila,21/04/2025,,,,9.04
JES-25-117,676532,132.675,134.2,1.52,1,,ALS,PIL-091,HE25123308 - Finalized,21/04/2025,Chips_QuarterSplit,9.235,Yuvitza.Davila,21/04/2025,,,,9.28
JES-25-117,676533,134.2,135.725,1.53,1,,ALS,PIL-091,HE25123308 - Finalized,21/04/2025,Chips_QuarterSplit,9.8,Yuvitza.Davila,21/04/2025,,,,9.86
JES-25-117,676534,135.725,137.25,1.53,1,,ALS,PIL-091,HE25123308 - Finalized,21/04/2025,Chips_QuarterSplit,8.65,Yuvitza.Davila,21/04/2025,,,,8.7
JES-25-117,676535,137.25,138.775,1.53,1,,ALS,PIL-091,HE25123308 - Finalized,21/04/2025,Chips_QuarterSplit,11,Yuvitza.Davila,21/04/2025,,,,11.06
JES-25-117,676536,138.775,140.3,1.53,1,,ALS,PIL-091,HE25123308 - Finalized,21/04/2025,Chips_QuarterSplit,9.78,Yuvitza.Davila,21/04/2025,,,,9.82
JES-25-117,676537,140.3,141.825,1.52,1,,ALS,PIL-091,HE25123308 - Finalized,21/04/2025,Chips_QuarterSplit,7.345,Yuvitza.Davila,21/04/2025,,,,7.46
JES-25-117,676538,141.825,143.35,1.53,1,,ALS,PIL-091,HE25123308 - Finalized,21/04/2025,Chips_QuarterSplit,11.79,Yuvitza.Davila,21/04/2025,,,,11.86
JES-25-117,676539,143.35,144.875,1.53,1,,ALS,PIL-091,HE25123308 - Finalized,21/04/2025,Chips_QuarterSplit,11.005,Yuvitza.Davila,21/04/2025,,,,11.08
JES-25-117,676540,144.875,146.4,1.53,1,,ALS,PIL-091,HE25123308 - Finalized,21/04/2025,Chips_QuarterSplit,12.805,Yuvitza.Davila,21/04/2025,,,,12.88
JES-25-117,676541,146.4,147.925,1.53,1,,ALS,PIL-091,HE25123308 - Finalized,21/04/2025,Chips_QuarterSplit,12.27,Yuvitza.Davila,21/04/2025,,,,12.36
JES-25-117,676542,147.925,149.45,1.52,1,,ALS,PIL-091,HE25123308 - Finalized,21/04/2025,Chips_QuarterSplit,11.63,Yuvitza.Davila,21/04/2025,,,,11.7
JES-25-117,676543,149.45,150.975,1.53,1,,ALS,PIL-091,HE25123308 - Finalized,21/04/2025,Chips_QuarterSplit,10.155,Yuvitza.Davila,21/04/2025,,,,10.24
JES-25-117,676544,150.975,152.5,1.53,1,,ALS,PIL-091,HE25123308 - Finalized,21/04/2025,Chips_QuarterSplit,11.115,Yuvitza.Davila,21/04/2025,,,,11.22
JES-25-117,676545,152.5,154.025,1.53,1,,ALS,PIL-091,HE25123308 - Finalized,21/04/2025,Chips_QuarterSplit,9.32,Yuvitza.Davila,21/04/2025,,,,9.36
JES-25-117,676547,154.025,155.55,1.53,1,,ALS,PIL-091,HE25123308 - Finalized,21/04/2025,Chips_QuarterSplit,11.83,Yuvitza.Davila,21/04/2025,,,,11.9
JES-25-117,676548,155.55,157.075,1.52,1,,ALS,PIL-091,HE25123308 - Finalized,21/04/2025,Chips_QuarterSplit,8.245,Yuvitza.Davila,21/04/2025,,,,8.3
JES-25-117,676549,157.075,158.6,1.53,1,,ALS,PIL-091,HE25123308 - Finalized,21/04/2025,Chips_QuarterSplit,11.59,Yuvitza.Davila,21/04/2025,,,,11.66
JES-25-117,676550,158.6,160.125,1.53,1,,ALS,PIL-091,HE25123308 - Finalized,21/04/2025,Chips_QuarterSplit,10.4,Yuvitza.Davila,21/04/2025,,,,10.54
JES-25-118,676555,0,1.525,1.53,1,,ALS,PIL-092,HE25123309 - Finalized,27/04/2025,Chips_QuarterSplit,1.64,Yuvitza.Davila,27/04/2025,,,,1.66
JES-25-118,676556,1.525,3.05,1.53,1,,ALS,PIL-092,HE25123309 - Finalized,27/04/2025,Chips_QuarterSplit,6.485,Yuvitza.Davila,27/04/2025,,,,6.52
JES-25-118,676557,3.05,4.575,1.53,1,,ALS,PIL-092,HE25123309 - Finalized,27/04/2025,Chips_QuarterSplit,5.255,Yuvitza.Davila,27/04/2025,,,,5.18
JES-25-118,676558,4.575,6.1,1.53,1,,ALS,PIL-092,HE25123309 - Finalized,27/04/2025,Chips_QuarterSplit,13.085,Yuvitza.Davila,27/04/2025,,,,13.14
JES-25-118,676559,6.1,7.625,1.53,1,,ALS,PIL-092,HE25123309 - Finalized,27/04/2025,Chips_QuarterSplit,7.105,Yuvitza.Davila,27/04/2025,,,,7.74
JES-25-118,676560,7.625,9.15,1.53,1,,ALS,PIL-092,HE25123309 - Finalized,27/04/2025,Chips_QuarterSplit,11.48,Yuvitza.Davila,27/04/2025,,,,11.52
JES-25-118,676561,9.15,10.675,1.53,1,,ALS,PIL-092,HE25123309 - Finalized,27/04/2025,Chips_QuarterSplit,8.66,Yuvitza.Davila,27/04/2025,,,,8.7
JES-25-118,676562,10.675,12.2,1.53,1,,ALS,PIL-092,HE25123309 - Finalized,27/04/2025,Chips_QuarterSplit,9.365,Yuvitza.Davila,27/04/2025,,,,9.4
JES-25-118,676563,12.2,13.725,1.53,1,,ALS,PIL-092,HE25123309 - Finalized,27/04/2025,Chips_QuarterSplit,12.245,Yuvitza.Davila,27/04/2025,,,,12.26
JES-25-118,676564,13.725,15.25,1.53,1,,ALS,PIL-092,HE25123309 - Finalized,27/04/2025,Chips_QuarterSplit,7.95,Yuvitza.Davila,27/04/2025,,,,7.98
JES-25-118,676565,15.25,16.775,1.53,1,,ALS,PIL-092,HE25123309 - Finalized,27/04/2025,Chips_QuarterSplit,8.35,Yuvitza.Davila,27/04/2025,,,,8.4
JES-25-118,676566,16.775,18.3,1.53,1,,ALS,PIL-092,HE25123309 - Finalized,27/04/2025,Chips_QuarterSplit,6.16,Yuvitza.Davila,27/04/2025,,,,6.2
JES-25-118,676567,18.3,19.825,1.53,1,,ALS,PIL-092,HE25123309 - Finalized,27/04/2025,Chips_QuarterSplit,9.425,Yuvitza.Davila,27/04/2025,,,,9.46
JES-25-118,676568,19.825,21.35,1.53,1,,ALS,PIL-092,HE25123309 - Finalized,27/04/2025,Chips_QuarterSplit,7.8,Yuvitza.Davila,27/04/2025,,,,7.84
JES-25-118,676570,21.35,22.875,1.53,1,,ALS,PIL-092,HE25123309 - Finalized,27/04/2025,Chips_QuarterSplit,8.87,Yuvitza.Davila,27/04/2025,,,,9.82
JES-25-118,676571,22.875,24.4,1.53,1,,ALS,PIL-092,HE25123309 - Finalized,27/04/2025,Chips_QuarterSplit,9.335,Yuvitza.Davila,27/04/2025,,,,9.38
JES-25-118,676572,24.4,25.925,1.53,1,,ALS,PIL-092,HE25123309 - Finalized,27/04/2025,Chips_QuarterSplit,8.715,Yuvitza.Davila,27/04/2025,,,,8.74
JES-25-118,676573,25.925,27.45,1.53,1,,ALS,PIL-092,HE25123309 - Finalized,27/04/2025,Chips_QuarterSplit,8.66,Yuvitza.Davila,27/04/2025,,,,8.7
JES-25-118,676574,27.45,28.975,1.53,1,,ALS,PIL-092,HE25123309 - Finalized,27/04/2025,Chips_QuarterSplit,8.335,Yuvitza.Davila,27/04/2025,,,,8.38
JES-25-118,676575,28.975,30.5,1.53,1,,ALS,PIL-092,HE25123309 - Finalized,27/04/2025,Chips_QuarterSplit,8.94,Yuvitza.Davila,27/04/2025,,,,8.98
JES-25-118,676576,30.5,32.025,1.53,1,,ALS,PIL-092,HE25123309 - Finalized,27/04/2025,Chips_QuarterSplit,7.79,Yuvitza.Davila,27/04/2025,,,,7.84
JES-25-118,676577,32.025,33.55,1.53,1,,ALS,PIL-092,HE25123309 - Finalized,27/04/2025,Chips_QuarterSplit,8.075,Yuvitza.Davila,27/04/2025,,,,8.1
JES-25-118,676578,33.55,35.075,1.53,1,,ALS,PIL-092,HE25123309 - Finalized,27/04/2025,Chips_QuarterSplit,9.67,Yuvitza.Davila,27/04/2025,,,,9.66
JES-25-118,676579,35.075,36.6,1.53,1,,ALS,PIL-092,HE25123309 - Finalized,27/04/2025,Chips_QuarterSplit,7.645,Yuvitza.Davila,27/04/2025,,,,7.68
JES-25-118,676580,36.6,38.125,1.53,1,,ALS,PIL-092,HE25123309 - Finalized,27/04/2025,Chips_QuarterSplit,10.315,Yuvitza.Davila,27/04/2025,,,,10.34
JES-25-118,676581,38.125,39.65,1.53,1,,ALS,PIL-092,HE25123309 - Finalized,27/04/2025,Chips_QuarterSplit,6.9,Yuvitza.Davila,27/04/2025,,,,6.94
JES-25-118,676582,39.65,41.175,1.53,1,,ALS,PIL-092,HE25123309 - Finalized,27/04/2025,Chips_QuarterSplit,7.715,Yuvitza.Davila,27/04/2025,,,,7.76
JES-25-118,676583,41.175,42.7,1.53,1,,ALS,PIL-092,HE25123309 - Finalized,27/04/2025,Chips_QuarterSplit,7.285,Yuvitza.Davila,27/04/2025,,,,7.32
JES-25-118,676584,42.7,44.225,1.53,1,,ALS,PIL-092,HE25123309 - Finalized,27/04/2025,Chips_QuarterSplit,8.879,Yuvitza.Davila,27/04/2025,,,,8.9
JES-25-118,676585,44.225,45.75,1.53,1,,ALS,PIL-092,HE25123309 - Finalized,27/04/2025,Chips_QuarterSplit,8.205,Yuvitza.Davila,27/04/2025,,,,8.24
JES-25-118,676586,45.75,47.275,1.53,1,,ALS,PIL-092,HE25123309 - Finalized,27/04/2025,Chips_QuarterSplit,7.31,Yuvitza.Davila,27/04/2025,,,,7.34
JES-25-118,676587,47.275,48.8,1.53,1,,ALS,PIL-092,HE25123309 - Finalized,27/04/2025,Chips_QuarterSplit,8.51,Yuvitza.Davila,27/04/2025,,,,8.86
JES-25-118,676588,48.8,50.325,1.53,1,,ALS,PIL-092,HE25123309 - Finalized,27/04/2025,Chips_QuarterSplit,5.505,Yuvitza.Davila,27/04/2025,,,,5.54
JES-25-118,676591,50.325,51.85,1.53,1,,ALS,PIL-092,HE25123309 - Finalized,27/04/2025,Chips_QuarterSplit,6.885,Yuvitza.Davila,27/04/2025,,,,6.92
JES-25-118,676592,51.85,53.375,1.53,1,,ALS,PIL-092,HE25123309 - Finalized,27/04/2025,Chips_QuarterSplit,7.055,Yuvitza.Davila,27/04/2025,,,,7.1
JES-25-118,676593,53.375,54.9,1.53,1,,ALS,PIL-092,HE25123309 - Finalized,27/04/2025,Chips_QuarterSplit,4.895,Yuvitza.Davila,27/04/2025,,,,4.92
JES-25-118,676594,54.9,56.425,1.53,1,,ALS,PIL-092,HE25123309 - Finalized,27/04/2025,Chips_QuarterSplit,8.575,Yuvitza.Davila,27/04/2025,,,,8.62
JES-25-118,676595,56.425,57.95,1.53,1,,ALS,PIL-092,HE25123309 - Finalized,27/04/2025,Chips_QuarterSplit,9.61,Yuvitza.Davila,27/04/2025,,,,9.66
JES-25-118,676596,57.95,59.475,1.53,1,,ALS,PIL-092,HE25123309 - Finalized,27/04/2025,Chips_QuarterSplit,9.22,Yuvitza.Davila,27/04/2025,,,,9.28
JES-25-118,676597,59.475,61,1.53,1,,ALS,PIL-092,HE25123309 - Finalized,27/04/2025,Chips_QuarterSplit,8.14,Yuvitza.Davila,27/04/2025,,,,8.18
JES-25-118,676598,61,62.525,1.53,1,,ALS,PIL-092,HE25123309 - Finalized,27/04/2025,Chips_QuarterSplit,9.42,Yuvitza.Davila,27/04/2025,,,,9.46
JES-25-118,676599,62.525,64.05,1.53,1,,ALS,PIL-092,HE25123309 - Finalized,27/04/2025,Chips_QuarterSplit,8.84,Yuvitza.Davila,27/04/2025,,,,8.86
JES-25-118,676600,64.05,65.575,1.53,1,,ALS,PIL-092,HE25123309 - Finalized,27/04/2025,Chips_QuarterSplit,10.53,Yuvitza.Davila,27/04/2025,,,,10.56
JES-25-118,676601,65.575,67.1,1.52,1,,ALS,PIL-092,HE25123309 - Finalized,27/04/2025,Chips_QuarterSplit,9.74,Yuvitza.Davila,27/04/2025,,,,9.78
JES-25-118,676602,67.1,68.625,1.53,1,,ALS,PIL-092,HE25123309 - Finalized,27/04/2025,Chips_QuarterSplit,9.38,Yuvitza.Davila,27/04/2025,,,,9.42
JES-25-118,676603,68.625,70.15,1.53,1,,ALS,PIL-092,HE25123309 - Finalized,27/04/2025,Chips_QuarterSplit,9.015,Yuvitza.Davila,27/04/2025,,,,9.06
JES-25-118,676604,70.15,71.675,1.52,1,,ALS,PIL-092,HE25123309 - Finalized,27/04/2025,Chips_QuarterSplit,10.685,Yuvitza.Davila,27/04/2025,,,,10.72
JES-25-118,676605,71.675,73.2,1.53,1,,ALS,PIL-092,HE25123309 - Finalized,27/04/2025,Chips_QuarterSplit,10.28,Yuvitza.Davila,27/04/2025,,,,10.32
JES-25-118,676606,73.2,74.725,1.52,1,,ALS,PIL-092,HE25123309 - Finalized,27/04/2025,Chips_QuarterSplit,9.635,Yuvitza.Davila,27/04/2025,,,,9.68
JES-25-118,676607,74.725,76.25,1.53,1,,ALS,PIL-092,HE25123309 - Finalized,27/04/2025,Chips_QuarterSplit,8.545,Yuvitza.Davila,27/04/2025,,,,8.58
JES-25-118,676609,76.25,77.775,1.53,1,,ALS,PIL-092,HE25123309 - Finalized,27/04/2025,Chips_QuarterSplit,7.02,Yuvitza.Davila,27/04/2025,,,,7.04
JES-25-118,676610,77.775,79.3,1.52,1,,ALS,PIL-092,HE25123309 - Finalized,27/04/2025,Chips_QuarterSplit,7.53,Yuvitza.Davila,27/04/2025,,,,7.56
JES-25-118,676611,79.3,80.825,1.53,1,,ALS,PIL-092,HE25123309 - Finalized,27/04/2025,Chips_QuarterSplit,7.8,Yuvitza.Davila,27/04/2025,,,,7.84
JES-25-118,676612,80.825,82.35,1.52,1,,ALS,PIL-092,HE25123309 - Finalized,27/04/2025,Chips_QuarterSplit,9.7,Yuvitza.Davila,27/04/2025,,,,9.76
JES-25-118,676613,82.35,83.875,1.53,1,,ALS,PIL-092,HE25123309 - Finalized,27/04/2025,Chips_QuarterSplit,9.555,Yuvitza.Davila,27/04/2025,,,,9.58
JES-25-118,676614,83.875,85.4,1.53,1,,ALS,PIL-092,HE25123309 - Finalized,27/04/2025,Chips_QuarterSplit,7.24,Yuvitza.Davila,27/04/2025,,,,7.28
JES-25-118,676615,85.4,86.925,1.52,1,,ALS,PIL-092,HE25123309 - Finalized,27/04/2025,Chips_QuarterSplit,8.535,Yuvitza.Davila,27/04/2025,,,,8.58
JES-25-118,676616,86.925,88.45,1.53,1,,ALS,PIL-092,HE25123309 - Finalized,27/04/2025,Chips_QuarterSplit,6.04,Yuvitza.Davila,27/04/2025,,,,6.08
JES-25-118,676617,88.45,89.975,1.52,1,,ALS,PIL-092,HE25123309 - Finalized,27/04/2025,Chips_QuarterSplit,9.94,Yuvitza.Davila,27/04/2025,,,,9.98
JES-25-118,676618,89.975,91.5,1.53,1,,ALS,PIL-092,HE25123309 - Finalized,27/04/2025,Chips_QuarterSplit,9.62,Yuvitza.Davila,27/04/2025,,,,9.66
JES-25-118,676619,91.5,93.025,1.53,1,,ALS,PIL-092,HE25123309 - Finalized,27/04/2025,Chips_QuarterSplit,9.115,Yuvitza.Davila,27/04/2025,,,,9.2
JES-25-118,676620,93.025,94.55,1.52,1,,ALS,PIL-092,HE25123309 - Finalized,27/04/2025,Chips_QuarterSplit,11.135,Yuvitza.Davila,27/04/2025,,,,11.16
JES-25-118,676621,94.55,96.075,1.53,1,,ALS,PIL-092,HE25123309 - Finalized,27/04/2025,Chips_QuarterSplit,12.28,Yuvitza.Davila,27/04/2025,,,,12.34
JES-25-118,676622,96.075,97.6,1.52,1,,ALS,PIL-092,HE25123309 - Finalized,27/04/2025,Chips_QuarterSplit,10.275,Yuvitza.Davila,27/04/2025,,,,10.32
JES-25-118,676623,97.6,99.125,1.53,1,,ALS,PIL-092,HE25123309 - Finalized,27/04/2025,Chips_QuarterSplit,10.93,Yuvitza.Davila,27/04/2025,,,,10.98
JES-25-118,676624,99.125,100.65,1.53,1,,ALS,PIL-092,HE25123309 - Finalized,27/04/2025,Chips_QuarterSplit,13.935,Yuvitza.Davila,27/04/2025,,,,12.98
JES-25-118,676626,100.65,102.175,1.52,1,,ALS,PIL-092,HE25123309 - Finalized,27/04/2025,Chips_QuarterSplit,11.89,Yuvitza.Davila,27/04/2025,,,,11.94
JES-25-118,676627,102.175,103.7,1.53,1,,ALS,PIL-092,HE25123309 - Finalized,27/04/2025,Chips_QuarterSplit,10.495,Yuvitza.Davila,27/04/2025,,,,10.54
JES-25-118,676628,103.7,105.225,1.52,1,,ALS,PIL-092,HE25123309 - Finalized,27/04/2025,Chips_QuarterSplit,11.79,Yuvitza.Davila,27/04/2025,,,,11.84
JES-25-118,676629,105.225,106.75,1.53,1,,ALS,PIL-092,HE25123309 - Finalized,27/04/2025,Chips_QuarterSplit,8.675,Yuvitza.Davila,27/04/2025,,,,8.72
JES-25-118,676630,106.75,108.275,1.53,1,,ALS,PIL-092,HE25123309 - Finalized,27/04/2025,Chips_QuarterSplit,13.635,Yuvitza.Davila,27/04/2025,,,,13.68
JES-25-118,676631,108.275,109.8,1.52,1,,ALS,PIL-092,HE25123309 - Finalized,27/04/2025,Chips_QuarterSplit,10.34,Yuvitza.Davila,27/04/2025,,,,10.38
JES-25-118,676632,109.8,111.325,1.53,1,,ALS,PIL-092,HE25123309 - Finalized,27/04/2025,Chips_QuarterSplit,9.265,Yuvitza.Davila,27/04/2025,,,,9.3
JES-25-118,676633,111.325,112.85,1.52,1,,ALS,PIL-092,HE25123309 - Finalized,27/04/2025,Chips_QuarterSplit,9.675,Yuvitza.Davila,27/04/2025,,,,9.66
JES-25-118,676634,112.85,114.375,1.53,1,,ALS,PIL-092,HE25123309 - Finalized,27/04/2025,Chips_QuarterSplit,9.94,Yuvitza.Davila,27/04/2025,,,,10
JES-25-118,676635,114.375,115.9,1.53,1,,ALS,PIL-092,HE25123309 - Finalized,27/04/2025,Chips_QuarterSplit,4.25,Yuvitza.Davila,27/04/2025,,,,4.26
JES-25-118,676636,115.9,117.425,1.52,1,,ALS,PIL-092,HE25123309 - Finalized,27/04/2025,Chips_QuarterSplit,10.575,Yuvitza.Davila,27/04/2025,,,,10.62
JES-25-118,676637,117.425,118.95,1.53,1,,ALS,PIL-092,HE25123309 - Finalized,27/04/2025,Chips_QuarterSplit,9.985,Yuvitza.Davila,27/04/2025,,,,10.02
JES-25-118,676638,118.95,120.475,1.52,1,,ALS,PIL-092,HE25123309 - Finalized,27/04/2025,Chips_QuarterSplit,10.215,Yuvitza.Davila,27/04/2025,,,,10.32
JES-25-118,676639,120.475,122,1.53,1,,ALS,PIL-092,HE25123309 - Finalized,27/04/2025,Chips_QuarterSplit,10.99,Yuvitza.Davila,27/04/2025,,,,11.04
JES-25-118,676640,122,123.525,1.53,1,,ALS,PIL-092,HE25123309 - Finalized,27/04/2025,Chips_QuarterSplit,12.355,Yuvitza.Davila,27/04/2025,,,,12.42
JES-25-118,676641,123.525,125.05,1.52,1,,ALS,PIL-092,HE25123309 - Finalized,27/04/2025,Chips_QuarterSplit,11.16,Yuvitza.Davila,27/04/2025,,,,11.2
JES-25-118,676642,125.05,126.575,1.53,1,,ALS,PIL-092,HE25123309 - Finalized,27/04/2025,Chips_QuarterSplit,11.3,Yuvitza.Davila,27/04/2025,,,,11.34
JES-25-118,676643,126.575,128.1,1.52,1,,ALS,PIL-092,HE25123309 - Finalized,27/04/2025,Chips_QuarterSplit,13.715,Yuvitza.Davila,27/04/2025,,,,13.78
JES-25-118,676644,128.1,129.625,1.53,1,,ALS,PIL-092,HE25123309 - Finalized,27/04/2025,Chips_QuarterSplit,9.75,Yuvitza.Davila,27/04/2025,,,,9.78
JES-25-118,676645,129.625,131.15,1.53,1,,ALS,PIL-092,HE25123309 - Finalized,27/04/2025,Chips_QuarterSplit,11.795,Yuvitza.Davila,27/04/2025,,,,11.84
JES-25-118,676646,131.15,132.675,1.53,1,,ALS,PIL-092,HE25123309 - Finalized,27/04/2025,Chips_QuarterSplit,10.62,Yuvitza.Davila,27/04/2025,,,,10.66
JES-25-118,676648,132.675,134.2,1.52,1,,ALS,PIL-092,HE25123309 - Finalized,27/04/2025,Chips_QuarterSplit,11.945,Yuvitza.Davila,27/04/2025,,,,12
JES-25-118,676649,134.2,135.725,1.53,1,,ALS,PIL-092,HE25123309 - Finalized,27/04/2025,Chips_QuarterSplit,10.39,Yuvitza.Davila,27/04/2025,,,,10.42
JES-25-118,676650,135.725,137.25,1.53,1,,ALS,PIL-092,HE25123309 - Finalized,27/04/2025,Chips_QuarterSplit,11.65,Yuvitza.Davila,27/04/2025,,,,11.7
JES-25-118,676651,137.25,138.775,1.53,1,,ALS,PIL-092,HE25123309 - Finalized,27/04/2025,Chips_QuarterSplit,10.84,Yuvitza.Davila,27/04/2025,,,,10.94
JES-25-118,676652,138.775,140.3,1.53,1,,ALS,PIL-092,HE25123309 - Finalized,27/04/2025,Chips_QuarterSplit,10.62,Yuvitza.Davila,27/04/2025,,,,10.66
JES-25-118,676653,140.3,141.825,1.52,1,,ALS,PIL-092,HE25123309 - Finalized,27/04/2025,Chips_QuarterSplit,13.185,Yuvitza.Davila,27/04/2025,,,,13.24
JES-25-118,676654,141.825,143.35,1.53,1,,ALS,PIL-092,HE25123309 - Finalized,27/04/2025,Chips_QuarterSplit,10.37,Yuvitza.Davila,27/04/2025,,,,10.42
JES-25-118,676655,143.35,144.875,1.53,1,,ALS,PIL-092,HE25123309 - Finalized,27/04/2025,Chips_QuarterSplit,12.68,Yuvitza.Davila,27/04/2025,,,,12.72
JES-25-118,676656,144.875,146.4,1.53,1,,ALS,PIL-092,HE25123309 - Finalized,27/04/2025,Chips_QuarterSplit,11.175,Yuvitza.Davila,27/04/2025,,,,11.22
JES-25-118,676657,146.4,147.925,1.53,1,,ALS,PIL-092,HE25123309 - Finalized,27/04/2025,Chips_QuarterSplit,11.795,Yuvitza.Davila,27/04/2025,,,,11.84
JES-25-118,676658,147.925,149.45,1.52,1,,ALS,PIL-092,HE25123309 - Finalized,27/04/2025,Chips_QuarterSplit,11.36,Yuvitza.Davila,27/04/2025,,,,11.4
JES-25-118,676659,149.45,150.975,1.53,1,,ALS,PIL-092,HE25123309 - Finalized,27/04/2025,Chips_QuarterSplit,13.01,Yuvitza.Davila,27/04/2025,,,,13.06
